URL,Image,Location,Address,Property Type,Offer Type,Area,Rooms,Owner Note,Total Price,Price per m²
https://adresowo.pl/o/dom-warszawa-ul-zaluski-p4c4f3,https://s2.adresowa.pl/oi/1c/16/351df6_4cad_cover-dom-warszawa.jpg,Warszawa Włochy,ul. Załuski,Dom,na sprzedaż,340 m²,6 pokoi,Bez pośredników,2 600 000 zł,7 647 zł / m²
https://adresowo.pl/o/dom-warszawa-ul-gozdzikow-i8d3s9,https://s2.adresowa.pl/oi/35/58/35a9a8_7f44_cover-dom-warszawa.jpg,Warszawa Marysin Wawerski,ul. Goździków,Dom,na sprzedaż,50 m²,2 pokoje,Bez pośredników,1 100 000 zł,22 000 zł / m²
https://adresowo.pl/o/dom-warszawa-ul-jeziorowa-t6i7l0,https://s2.adresowa.pl/oi/22/56/35cd84_2a95_cover-dom-warszawa.jpg,Warszawa Wawer,ul. Jeziorowa,Dom,na sprzedaż,197 m²,4 pokoje,Bez pośredników,2 640 000 zł,13 401 zł / m²
https://adresowo.pl/o/dom-warszawa-ul-potulkaly-w5r0p4,https://s2.adresowa.pl/oi/65/6d/35ccec_ecce_cover-dom-warszawa.jpg,Warszawa Powsin,ul. Potułkały,Dom,na sprzedaż,198 m²,5 pokoi,Bez pośredników,4 000 000 zł,20 202 zł / m²
https://adresowo.pl/o/dom-warszawa-ul-henrykowska-w4k5n3,https://s2.adresowa.pl/oi/4e/79/35c7b0_3751_cover-dom-warszawa.jpg,Warszawa Choszczówka,ul. Henrykowska,Dom,na sprzedaż,142 m²,5 pokoi,Bez pośredników,1 650 000 zł,11 620 zł / m²
https://adresowo.pl/o/dom-warszawa-180-m2-d0d7b7,https://s2.adresowa.pl/oi/31/1b/35b67a_7a15_cover-dom-warszawa.jpg,Warszawa Targówek,,Dom,na sprzedaż,180 m²,9 pokoi,Bez pośredników,2 450 000 zł,13 611 zł / m²
https://adresowo.pl/o/dom-warszawa-ul-glebocka-z7y1p3,https://s2.adresowa.pl/oi/2b/10/35afaa_8285_cover-dom-warszawa.jpg,Warszawa Białołęka,ul. Głębocka,Dom,na sprzedaż,106 m²,4 pokoje,Bez pośredników,1 700 000 zł,16 105 zł / m²
https://adresowo.pl/o/dom-warszawa-ul-glebocka-b1b1w8,https://s2.adresowa.pl/oi/10/2e/35af90_dbf5_cover-dom-warszawa.jpg,Warszawa Białołęka,ul. Głębocka,Dom,na sprzedaż,105 m²,4 pokoje,Bez pośredników,1 600 000 zł,15 172 zł / m²
https://adresowo.pl/o/dom-warszawa-ul-glebocka-u0h6g8,https://s2.adresowa.pl/oi/45/40/35af7a_b3f4_cover-dom-warszawa.jpg,Warszawa Białołęka,ul. Głębocka,Dom,na sprzedaż,105 m²,3 pokoje,Bez pośredników,1 900 000 zł,18 075 zł / m²
https://adresowo.pl/o/dom-warszawa-ul-wrobla-c0u8k5,https://s2.adresowa.pl/oi/54/45/35bf08_f115_cover-dom-warszawa.jpg,Warszawa Mokotów,ul. Wróbla,Dom,na sprzedaż,348 m²,10 pokoi,Oferta biura nieruchomości,3 900 000 zł,11 207 zł / m²
https://adresowo.pl/o/dom-warszawa-133-m2-a8s4n1,https://s2.adresowa.pl/oi/5e/39/35beea_d77d_cover-dom-warszawa.jpg,Warszawa Wawer,,Dom,na sprzedaż,134 m²,4 pokoje,Oferta biura nieruchomości,1 749 000 zł,13 101 zł / m²
https://adresowo.pl/o/dom-warszawa-ul-glebocka-i3e4k1,https://s2.adresowa.pl/oi/34/43/35af38_e44b_cover-dom-warszawa.jpg,Warszawa Białołęka,ul. Głębocka,Dom,na sprzedaż,144 m²,5 pokoi,Bez pośredników,1 900 000 zł,13 171 zł / m²
https://adresowo.pl/o/dom-warszawa-ul-reszelska-r3q1f0,https://s2.adresowa.pl/oi/2f/2a/35a464_e9ba_cover-dom-warszawa.jpg,Warszawa Marysin Wawerski,ul. Reszelska,Dom,na sprzedaż,96 m²,4 pokoje,Bez pośredników,1 499 000 zł,15 615 zł / m²
https://adresowo.pl/o/dom-warszawa-400-m2-h0h7b9,https://s2.adresowa.pl/oi/13/24/359ee4_7b34_cover-dom-warszawa.jpg,Warszawa Rembertów,,Dom,na sprzedaż,400 m²,7 pokoi,Bez pośredników,4 500 000 zł,11 250 zł / m²
https://adresowo.pl/o/dom-warszawa-ul-michala-kajki-h3p1a9,https://s2.adresowa.pl/oi/1c/39/359e6e_89b5_cover-dom-warszawa.jpg,Warszawa Anin,ul. Michała Kajki,Dom,na sprzedaż,205 m²,4 pokoje,Bez pośredników,3 700 000 zł,18 093 zł / m²
https://adresowo.pl/o/dom-warszawa-ul-piotra-wysockiego-f3q2r3,https://s2.adresowa.pl/oi/45/77/359d66_7012_cover-dom-warszawa.jpg,Warszawa Targówek,ul. Piotra Wysockiego,Dom,na sprzedaż,500 m²,Bez pośredników,Bez pośredników,3 300 000 zł,6 600 zł / m²
https://adresowo.pl/o/dom-warszawa-ul-czwartakow-u5v3j6,https://s2.adresowa.pl/oi/64/3e/359aa4_6984_cover-dom-warszawa.jpg,Warszawa Rembertów,ul. Czwartaków,Dom,na sprzedaż,70 m²,3 pokoje,Bez pośredników,1 650 000 zł,23 571 zł / m²
https://adresowo.pl/o/dom-warszawa-ul-henryka-lasaka-t5b0v8,https://s2.adresowa.pl/oi/16/12/3599f4_5055_cover-dom-warszawa.jpg,Warszawa Wawer,ul. Henryka Łasaka,Dom,na sprzedaż,210 m²,5 pokoi,Bez pośredników,3 499 000 zł,16 662 zł / m²
https://adresowo.pl/o/dom-warszawa-240-m2-d3z8o5,https://s2.adresowa.pl/oi/79/31/358e70_a0ff_cover-dom-warszawa.jpg,Warszawa Marysin Wawerski,,Dom,na sprzedaż,240 m²,Bez pośredników,Bez pośredników,2 099 000 zł,8 746 zł / m²
https://adresowo.pl/o/dom-warszawa-250-m2-q4e7h4,https://s2.adresowa.pl/oi/6e/2f/35bb84_4bfa_cover-dom-warszawa.jpg,Warszawa Białołęka,,Dom,na sprzedaż,250 m²,5 pokoi,Oferta biura nieruchomości,3 000 000 zł,12 000 zł / m²
https://adresowo.pl/o/dom-warszawa-ul-zlotego-smoka-p0o5q9,https://s2.adresowa.pl/oi/2f/5b/35bb68_9c2a_cover-dom-warszawa.jpg,Warszawa Ochota,ul. Złotego Smoka,Dom,na sprzedaż,273 m²,5 pokoi,Oferta biura nieruchomości,3 500 000 zł,12 811 zł / m²
https://adresowo.pl/o/dom-warszawa-ul-czeresniowa-e9r2t3,https://s2.adresowa.pl/oi/27/72/35882c_6f30_cover-dom-warszawa.jpg,Warszawa Włochy,ul. Czereśniowa,Dom,na sprzedaż,250 m²,8 pokoi,Bez pośredników,2 000 000 zł,8 000 zł / m²
https://adresowo.pl/o/dom-warszawa-ul-kaczenca-k0g9g6,https://s2.adresowa.pl/oi/38/31/357f98_2f07_cover-dom-warszawa.jpg,Warszawa Wawer,ul. Kaczeńca,Dom,na sprzedaż,113 m²,Bez pośredników,Bez pośredników,550 000 zł,4 867 zł / m²
https://adresowo.pl/o/dom-warszawa-ul-wal-miedzeszynski-l0k0y0,https://s2.adresowa.pl/oi/26/39/357704_f4b5_cover-dom-warszawa.jpg,Warszawa Wawer,ul. Wał Miedzeszyński,Dom,na sprzedaż,135 m²,5 pokoi,Bez pośredników,1 599 000 zł,11 844 zł / m²
https://adresowo.pl/o/dom-warszawa-ul-debowa-k4d0t1,https://s2.adresowa.pl/oi/17/3e/356d1a_cac9_cover-dom-warszawa.jpg,Warszawa Białołęka,ul. Dębowa,Dom,na sprzedaż,125 m²,5 pokoi,Bez pośredników,999 900 zł,7 999 zł / m²
https://adresowo.pl/o/dom-warszawa-ul-snopowa-h6q0e9,https://s2.adresowa.pl/oi/5a/3b/356c86_5b81_cover-dom-warszawa.jpg,Warszawa Wawer,ul. Snopowa,Dom,na sprzedaż,161 m²,5 pokoi,Bez pośredników,1 280 000 zł,7 950 zł / m²
https://adresowo.pl/o/dom-warszawa-194-m2-p1j6g2,https://s2.adresowa.pl/oi/73/56/356b2e_83a5_cover-dom-warszawa.jpg,Warszawa Białołęka,,Dom,na sprzedaż,194 m²,5 pokoi,Bez pośredników,3 250 000 zł,16 753 zł / m²
https://adresowo.pl/o/dom-warszawa-150-m2-q9v7z0,https://s2.adresowa.pl/oi/34/3f/356820_55ad_cover-dom-warszawa.jpg,Warszawa Wesoła,,Dom,na sprzedaż,150 m²,Bez pośredników,Bez pośredników,1 500 000 zł,10 000 zł / m²
https://adresowo.pl/o/dom-warszawa-ul-wiselki-c6j7f9,https://s2.adresowa.pl/oi/77/70/355a7e_63f2_cover-dom-warszawa.jpg,Warszawa Radość,ul. Wisełki,Dom,na sprzedaż,120 m²,Bez pośredników,Bez pośredników,2 600 000 zł,21 667 zł / m²
https://adresowo.pl/o/dom-warszawa-ul-pastuszkow-h6h8n2,https://s2.adresowa.pl/oi/5c/5b/35b8f0_f482_cover-dom-warszawa.jpg,Warszawa Rembertów,ul. Pastuszków,Dom,na sprzedaż,118 m²,5 pokoi,Oferta biura nieruchomości,1 260 000 zł,10 657 zł / m²
https://adresowo.pl/o/dom-warszawa-ul-karkonoszy-l2w8a9,https://s2.adresowa.pl/oi/36/67/35b8d0_6267_cover-dom-warszawa.jpg,Warszawa Targówek,ul. Karkonoszy,Dom,na sprzedaż,156 m²,5 pokoi,Oferta biura nieruchomości,2 179 000 zł,13 995 zł / m²
https://adresowo.pl/o/dom-warszawa-ul-walcownicza-t1d9q1,https://s2.adresowa.pl/oi/67/35/35517c_819d_cover-dom-warszawa.jpg,Warszawa Falenica,ul. Walcownicza,Dom,na sprzedaż,121 m²,3 pokoje,Bez pośredników,980 000 zł,8 089 zł / m²
https://adresowo.pl/o/dom-warszawa-358-m2-d0p7p7,https://s2.adresowa.pl/oi/25/50/3546ba_907e_cover-dom-warszawa.jpg,Warszawa Wesoła,,Dom,na sprzedaż,358 m²,7 pokoi,Bez pośredników,2 500 000 zł,6 983 zł / m²
https://adresowo.pl/o/dom-warszawa-ul-ogorkowa-v0n7m4,https://s2.adresowa.pl/oi/2b/5f/3545ea_47de_cover-dom-warszawa.jpg,Warszawa Wawer,ul. Ogórkowa,Dom,na sprzedaż,168 m²,4 pokoje,Bez pośredników,2 199 000 zł,13 089 zł / m²
https://adresowo.pl/o/dom-warszawa-473-m2-n1y9p8,https://s2.adresowa.pl/oi/6a/77/3535e0_61a1_cover-dom-warszawa.jpg,Warszawa Ursynów,,Dom,na sprzedaż,474 m²,10 pokoi,Bez pośredników,3 600 000 zł,7 597 zł / m²
https://adresowo.pl/o/dom-warszawa-ul-kosmatki-b1y8b1,https://s2.adresowa.pl/oi/1d/4a/35346e_419e_cover-dom-warszawa.jpg,Warszawa Wawer,ul. Kosmatki,Dom,na sprzedaż,124 m²,4 pokoje,Bez pośredników,1 770 000 zł,14 274 zł / m²
https://adresowo.pl/o/dom-warszawa-ul-czapelska-h0e3y9,https://s2.adresowa.pl/oi/55/28/3531be_3ebb_cover-dom-warszawa.jpg,Warszawa Praga-Południe,ul. Czapelska,Dom,na sprzedaż,800 m²,Bez pośredników,Bez pośredników,10 900 000 zł,13 625 zł / m²
https://adresowo.pl/o/dom-warszawa-299-m2-z4r8s9,https://s2.adresowa.pl/oi/54/6b/352ff2_3bab_cover-dom-warszawa.jpg,Warszawa Targówek,,Dom,na sprzedaż,300 m²,7 pokoi,Bez pośredników,2 700 000 zł,9 015 zł / m²
https://adresowo.pl/o/dom-warszawa-ul-lodygowa-d3v7i9,https://s2.adresowa.pl/oi/6b/50/352d0c_d4e1_cover-dom-warszawa.jpg,Warszawa Śródmieście,ul. Łodygowa,Dom,na sprzedaż,56 m²,3 pokoje,Bez pośredników,320 000 zł,5 714 zł / m²
https://adresowo.pl/o/dom-warszawa-300-m2-f2o0u3,https://s2.adresowa.pl/oi/4f/4f/352b88_496b_cover-dom-warszawa.jpg,Warszawa Włochy,,Dom,na sprzedaż,300 m²,Bez pośredników,Bez pośredników,4 750 000 zł,15 833 zł / m²
https://adresowo.pl/o/dom-warszawa-ul-wladyslawa-smolenskiego-t3r2y0,https://s2.adresowa.pl/oi/41/75/352610_9cd6_cover-dom-warszawa.jpg,Warszawa Bielany,ul. Władysława Smoleńskiego,Dom,na sprzedaż,387 m²,Bez pośredników,Bez pośredników,3 400 000 zł,8 786 zł / m²
https://adresowo.pl/o/dom-warszawa-ul-zaluski-p4c4f3,https://s2.adresowa.pl/oi/1c/16/351df6_4cad_cover-dom-warszawa.jpg,Warszawa Włochy,ul. Załuski,Dom,na sprzedaż,340 m²,6 pokoi,Bez pośredników,2 600 000 zł,7 647 zł / m²
https://adresowo.pl/o/dom-warszawa-ul-mielecka-r9o2x1,https://s2.adresowa.pl/oi/43/57/352020_7350_cover-dom-warszawa.jpg,Warszawa Wawer,ul. Mielecka,Dom,na sprzedaż,365 m²,Bez pośredników,Bez pośredników,2 900 000 zł,7 945 zł / m²
https://adresowo.pl/o/dom-warszawa-ul-dywizjonu-303-i2m7b3,https://s2.adresowa.pl/oi/23/38/351b3e_f83c_cover-dom-warszawa.jpg,Warszawa Bemowo,ul. Dywizjonu 303,Dom,na sprzedaż,204 m²,5 pokoi,Bez pośredników,2 600 000 zł,12 745 zł / m²
https://adresowo.pl/o/dom-warszawa-ul-sarny-z2v5g6,https://s2.adresowa.pl/oi/38/39/3513f4_d38c_cover-dom-warszawa.jpg,Warszawa Wawer,ul. Sarny,Dom,na sprzedaż,160 m²,4 pokoje,Bez pośredników,1 450 000 zł,9 063 zł / m²
https://adresowo.pl/o/dom-warszawa-ul-goraszewska-t9e2k6,https://s2.adresowa.pl/oi/2f/7f/3508b2_9457_cover-dom-warszawa.jpg,Warszawa Sadyba,ul. Goraszewska,Dom,na sprzedaż,174 m²,6 pokoi,Bez pośredników,2 800 000 zł,16 092 zł / m²
https://adresowo.pl/o/dom-warszawa-ul-zagieta-y8j5f8,https://s2.adresowa.pl/oi/49/48/34f790_f491_cover-dom-warszawa.jpg,Warszawa Wawer,ul. Zagięta,Dom,na sprzedaż,88 m²,6 pokoi,Bez pośredników,860 000 zł,9 773 zł / m²
https://adresowo.pl/o/dom-warszawa-200-m2-e3k6h8,https://s2.adresowa.pl/oi/4b/39/34e20c_6e3a_cover-dom-warszawa.jpg,Warszawa Ursynów,,Dom,na sprzedaż,200 m²,6 pokoi,Bez pośredników,2 499 000 zł,12 495 zł / m²
https://adresowo.pl/o/dom-warszawa-126-m2-x7q8u0,https://s2.adresowa.pl/oi/5e/43/34dcee_e5ba_cover-dom-warszawa.jpg,Warszawa Mokotów,,Dom,na sprzedaż,126 m²,Bez pośredników,Bez pośredników,2 950 000 zł,23 413 zł / m²
https://adresowo.pl/o/dom-warszawa-350-m2-r8w2v5,https://s2.adresowa.pl/oi/67/38/34da7c_ff52_cover-dom-warszawa.jpg,Warszawa Wilanów,,Dom,na sprzedaż,350 m²,5 pokoi,Bez pośredników,3 340 000 zł,9 543 zł / m²
https://adresowo.pl/o/dom-warszawa-ul-swierszcza-z5n1m4,https://s2.adresowa.pl/oi/15/3b/359ef0_8a50_cover-dom-warszawa.jpg,Warszawa Włochy,ul. Świerszcza,Dom,na sprzedaż,500 m²,10 pokoi,Oferta biura nieruchomości,2 999 997 zł,6 000 zł / m²
https://adresowo.pl/o/dom-warszawa-ul-wodniakow-f2u6l0,https://s2.adresowa.pl/oi/75/47/357882_b9fc_cover-dom-warszawa.jpg,Warszawa Wawer,ul. Wodniaków,Dom,na sprzedaż,162 m²,5 pokoi,Oferta biura nieruchomości,1 340 000 zł,8 272 zł / m²
https://adresowo.pl/o/dom-warszawa-ul-owocow-lesnych-l0k4d8,https://s2.adresowa.pl/oi/45/14/34d6a0_cd75_cover-dom-warszawa.jpg,Warszawa Białołęka,ul. Owoców Leśnych,Dom,na sprzedaż,93 m²,5 pokoi,Bez pośredników,1 670 000 zł,17 957 zł / m²
https://adresowo.pl/o/dom-warszawa-ul-brzozowy-zagajnik-q7c6n4,https://s2.adresowa.pl/oi/6d/21/34d306_37db_cover-dom-warszawa.jpg,Warszawa Choszczówka,ul. Brzozowy Zagajnik,Dom,na sprzedaż,161 m²,4 pokoje,Bez pośredników,1 800 000 zł,11 159 zł / m²
https://adresowo.pl/o/dom-warszawa-ul-pod-brzozami-x8e7a0,https://s2.adresowa.pl/oi/54/26/34cf30_b4db_cover-dom-warszawa.jpg,Warszawa Wawer,ul. Pod Brzozami,Dom,na sprzedaż,70 m²,3 pokoje,Bez pośredników,999 999 zł,14 190 zł / m²
https://adresowo.pl/o/dom-warszawa-140-m2-a4y5z7,https://s2.adresowa.pl/oi/36/7e/34ceea_c520_cover-dom-warszawa.jpg,Warszawa Mokotów,,Dom,na sprzedaż,140 m²,6 pokoi,Bez pośredników,1 950 000 zł,13 929 zł / m²
https://adresowo.pl/o/dom-warszawa-ul-turkusowa-c2s8u2,https://s2.adresowa.pl/oi/6c/79/34c218_94e4_cover-dom-warszawa.jpg,Warszawa Stara Miłosna,ul. Turkusowa,Dom,na sprzedaż,220 m²,4 pokoje,Bez pośredników,1 590 000 zł,7 227 zł / m²
https://adresowo.pl/o/dom-warszawa-ul-wrobla-u8u1m5,https://s2.adresowa.pl/oi/34/6f/34c1ee_2f9e_cover-dom-warszawa.jpg,Warszawa Mokotów,ul. Wróbla,Dom,na sprzedaż,240 m²,Bez pośredników,Bez pośredników,4 399 000 zł,18 329 zł / m²
https://adresowo.pl/o/dom-warszawa-ul-laponska-e9u6l8,https://s2.adresowa.pl/oi/77/27/34ae4c_c563_cover-dom-warszawa.jpg,Warszawa Białołęka,ul. Lapońska,Dom,na sprzedaż,125 m²,5 pokoi,Bez pośredników,1 690 000 zł,13 520 zł / m²
https://adresowo.pl/o/dom-warszawa-316-m2-g6a5u3,https://s2.adresowa.pl/oi/29/5a/34ac9c_b945_cover-dom-warszawa.jpg,Warszawa Ursynów,,Dom,na sprzedaż,316 m²,9 pokoi,Bez pośredników,3 790 000 zł,11 994 zł / m²
https://adresowo.pl/o/dom-warszawa-ul-wal-miedzeszynski-g9s7g1,https://s2.adresowa.pl/oi/52/71/35725c_966a_cover-dom-warszawa.jpg,Warszawa Wawer,ul. Wał Miedzeszyński,Dom,na sprzedaż,223 m²,9 pokoi,Oferta biura nieruchomości,2 099 000 zł,9 413 zł / m²
https://adresowo.pl/o/dom-warszawa-ul-kamykowa-p6v6o6,https://s2.adresowa.pl/oi/46/3c/3567de_a06a_cover-dom-warszawa.jpg,Warszawa Białołęka,ul. Kamykowa,Dom,na sprzedaż,121 m²,5 pokoi,Oferta biura nieruchomości,1 395 000 zł,11 526 zł / m²
https://adresowo.pl/o/dom-warszawa-200-m2-y6p4x3,https://s2.adresowa.pl/oi/48/1c/3492c6_f02d_cover-dom-warszawa.jpg,Warszawa Wawer,,Dom,na sprzedaż,200 m²,6 pokoi,Bez pośredników,2 800 000 zł,14 000 zł / m²
https://adresowo.pl/o/dom-warszawa-ul-zdziarska-e1f3a1,https://s2.adresowa.pl/oi/60/1e/349272_2eb1_cover-dom-warszawa.jpg,Warszawa Białołęka,ul. Zdziarska,Dom,na sprzedaż,135 m²,5 pokoi,Bez pośredników,1 650 000 zł,12 226 zł / m²
https://adresowo.pl/o/dom-warszawa-ul-swiecka-j9o8x2,https://s2.adresowa.pl/oi/40/23/348fb0_d217_cover-dom-warszawa.jpg,Warszawa Wawer,ul. Świecka,Dom,na sprzedaż,300 m²,7 pokoi,Bez pośredników,2 999 999 zł,10 000 zł / m²
https://adresowo.pl/o/dom-warszawa-210-m2-n0s6v3,https://s2.adresowa.pl/oi/14/1f/348b54_b9a6_cover-dom-warszawa.jpg,Warszawa Mokotów,,Dom,na sprzedaż,210 m²,Bez pośredników,Bez pośredników,3 500 000 zł,16 667 zł / m²
https://adresowo.pl/o/dom-warszawa-140-m2-a4e5m4,https://s2.adresowa.pl/oi/79/24/348aa8_5a2f_cover-dom-warszawa.jpg,Warszawa Wawer,,Dom,na sprzedaż,140 m²,5 pokoi,Bez pośredników,2 399 000 zł,17 136 zł / m²
https://adresowo.pl/o/dom-warszawa-ul-bazyliowa-n3e1p1,https://s2.adresowa.pl/oi/4b/5b/348a30_7237_cover-dom-warszawa.jpg,Warszawa Wilanów,ul. Bazyliowa,Dom,na sprzedaż,220 m²,6 pokoi,Bez pośredników,2 500 000 zł,11 364 zł / m²
https://adresowo.pl/o/dom-warszawa-ul-zaciszanska-o0y6q4,https://s2.adresowa.pl/oi/7c/1f/347c4a_c2c9_cover-dom-warszawa.jpg,Warszawa Zacisze,ul. Zaciszańska,Dom,na sprzedaż,280 m²,8 pokoi,Bez pośredników,1 990 000 zł,7 107 zł / m²
https://adresowo.pl/o/dom-warszawa-ul-operowa-r8q1q5,https://s2.adresowa.pl/oi/1e/4d/3472bc_3ad3_cover-dom-warszawa.jpg,Warszawa Białołęka Dworska,ul. Operowa,Dom,na sprzedaż,195 m²,6 pokoi,Bez pośredników,1 850 000 zł,9 487 zł / m²
https://adresowo.pl/o/dom-warszawa-ul-migdalowa-t6s3s5,https://s2.adresowa.pl/oi/72/59/354e0c_f199_cover-dom-warszawa.jpg,Warszawa Ursynów,ul. Migdałowa,Dom,na sprzedaż,240 m²,5 pokoi,Oferta biura nieruchomości,3 100 000 zł,12 917 zł / m²
https://adresowo.pl/o/dom-warszawa-ul-bialozora-c2k9t2,https://s2.adresowa.pl/oi/2c/2b/354e04_ddb0_cover-dom-warszawa.jpg,Warszawa Ursynów,ul. Białozora,Dom,na sprzedaż,285 m²,6 pokoi,Oferta biura nieruchomości,2 700 000 zł,9 474 zł / m²
https://adresowo.pl/o/dom-warszawa-296-m2-j4v6q6,https://s2.adresowa.pl/oi/33/55/347258_4e80_cover-dom-warszawa.jpg,Warszawa Włochy,,Dom,na sprzedaż,296 m²,6 pokoi,Bez pośredników,3 680 000 zł,12 432 zł / m²
https://adresowo.pl/o/dom-warszawa-122-m2-v8f7c0,https://s2.adresowa.pl/oi/49/35/347126_e230_cover-dom-warszawa.jpg,Warszawa Rembertów,,Dom,na sprzedaż,122 m²,Bez pośredników,Bez pośredników,1 150 000 zł,9 426 zł / m²
https://adresowo.pl/o/dom-warszawa-ul-gubinowska-o2f2k5,https://s2.adresowa.pl/oi/73/4b/3463e2_891a_cover-dom-warszawa.jpg,Warszawa Wilanów,ul. Gubinowska,Dom,na sprzedaż,269 m²,6 pokoi,Bez pośredników,4 350 000 zł,16 171 zł / m²
https://adresowo.pl/o/dom-warszawa-ul-jeziorowa-k0a5g5,https://s2.adresowa.pl/oi/78/54/3461b2_3e2f_cover-dom-warszawa.jpg,Warszawa Wawer,ul. Jeziorowa,Dom,na sprzedaż,197 m²,6 pokoi,Bez pośredników,2 462 500 zł,12 500 zł / m²
https://adresowo.pl/o/dom-warszawa-ul-podkowy-v0g0v4,https://s2.adresowa.pl/oi/32/3f/345e56_5a8b_cover-dom-warszawa.jpg,Warszawa Wawer,ul. Podkowy,Dom,na sprzedaż,295 m²,6 pokoi,Bez pośredników,2 900 000 zł,9 831 zł / m²
https://adresowo.pl/o/dom-warszawa-ul-jagny-i3p8n5,https://s2.adresowa.pl/oi/5a/67/345aac_d904_cover-dom-warszawa.jpg,Warszawa Włochy,ul. Jagny,Dom,na sprzedaż,200 m²,6 pokoi,Bez pośredników,2 500 000 zł,12 500 zł / m²
https://adresowo.pl/o/dom-warszawa-ul-gawota-w7l9o0,https://s2.adresowa.pl/oi/76/37/345952_3e18_cover-dom-warszawa.jpg,Warszawa Ursynów,ul. Gawota,Dom,na sprzedaż,350 m²,6 pokoi,Bez pośredników,2 450 000 zł,7 000 zł / m²
https://adresowo.pl/o/dom-warszawa-ul-chlewinska-w3k9i2,https://s2.adresowa.pl/oi/68/43/34556e_9199_cover-dom-warszawa.jpg,Warszawa Żoliborz,ul. Chlewińska,Dom,na sprzedaż,220 m²,6 pokoi,Bez pośredników,4 000 000 zł,18 182 zł / m²
https://adresowo.pl/o/dom-warszawa-ul-arkadii-x2t9z0,https://s2.adresowa.pl/oi/34/5b/345178_c519_cover-dom-warszawa.jpg,Warszawa Wawer,ul. Arkadii,Dom,na sprzedaż,531 m²,Bez pośredników,Bez pośredników,4 600 000 zł,8 663 zł / m²
https://adresowo.pl/o/dom-warszawa-ul-olowkowa-z3c7j8,https://s2.adresowa.pl/oi/41/37/3449f0_c307_cover-dom-warszawa.jpg,Warszawa Białołęka Dworska,ul. Ołówkowa,Dom,na sprzedaż,176 m²,5 pokoi,Bez pośredników,1 590 000 zł,9 034 zł / m²
https://adresowo.pl/o/dom-warszawa-ul-krasnowolska-q5k2w2,https://s2.adresowa.pl/oi/5b/53/3432d6_dde5_cover-dom-warszawa.jpg,Warszawa Ursynów,ul. Krasnowolska,Dom,na sprzedaż,262 m²,Bez pośredników,Bez pośredników,3 650 000 zł,13 931 zł / m²
https://adresowo.pl/o/dom-warszawa-ul-zwanowiecka-u3c0b5,https://s2.adresowa.pl/oi/46/51/3432aa_5894_cover-dom-warszawa.jpg,Warszawa Radość,ul. Żwanowiecka,Dom,na sprzedaż,170 m²,5 pokoi,Bez pośredników,1 480 000 zł,8 706 zł / m²
https://adresowo.pl/o/dom-warszawa-ul-czterech-wiatrow-o0v9g8,https://s2.adresowa.pl/oi/60/75/342f06_9ad5_cover-dom-warszawa.jpg,Warszawa Ursynów,ul. Czterech Wiatrów,Dom,na sprzedaż,137 m²,5 pokoi,Bez pośredników,1 700 000 zł,12 409 zł / m²
https://adresowo.pl/o/dom-warszawa-ul-tarchominska-u9h7i7,https://s2.adresowa.pl/oi/48/67/34235c_d1eb_cover-dom-warszawa.jpg,Warszawa Białołęka,ul. Tarchomińska,Dom,na sprzedaż,176 m²,5 pokoi,Bez pośredników,2 250 000 zł,12 784 zł / m²
https://adresowo.pl/o/dom-warszawa-ul-flisakow-i6u0b5,https://s2.adresowa.pl/oi/25/45/341c7e_646b_cover-dom-warszawa.jpg,Warszawa Białołęka,ul. Flisaków,Dom,na sprzedaż,167 m²,5 pokoi,Bez pośredników,1 580 000 zł,9 472 zł / m²
https://adresowo.pl/o/dom-warszawa-ul-zwolenska-l0d3d9,https://s2.adresowa.pl/oi/25/46/341304_9916_cover-dom-warszawa.jpg,Warszawa Wawer,ul. Zwoleńska,Dom,na sprzedaż,109 m²,Bez pośredników,Bez pośredników,1 300 000 zł,11 927 zł / m²
https://adresowo.pl/o/dom-warszawa-ul-jorskiego-b1z4u7,https://s2.adresowa.pl/oi/72/2f/3412d2_f2f0_cover-dom-warszawa.jpg,Warszawa Zacisze,ul. Jórskiego,Dom,na sprzedaż,225 m²,5 pokoi,Bez pośredników,1 500 000 zł,6 667 zł / m²
https://adresowo.pl/o/dom-warszawa-250-m2-p4s9g3,https://s2.adresowa.pl/oi/75/39/3412a4_7283_cover-dom-warszawa.jpg,Warszawa Zacisze,,Dom,na sprzedaż,250 m²,8 pokoi,Bez pośredników,1 899 000 zł,7 596 zł / m²
https://adresowo.pl/o/dom-warszawa-ul-solipska-w5p6v1,https://s2.adresowa.pl/oi/39/3c/34117c_4747_cover-dom-warszawa.jpg,Warszawa Włochy,ul. Solipska,Dom,na sprzedaż,173 m²,5 pokoi,Bez pośredników,2 400 000 zł,13 873 zł / m²
https://adresowo.pl/o/dom-warszawa-ul-mochtynska-b0n7f0,https://s2.adresowa.pl/oi/45/14/341034_a885_cover-dom-warszawa.jpg,Warszawa Białołęka,ul. Mochtyńska,Dom,na sprzedaż,84 m²,3 pokoje,Bez pośredników,1 350 000 zł,16 112 zł / m²
https://adresowo.pl/o/dom-warszawa-ul-jagielska-u2k9n2,https://s2.adresowa.pl/oi/2c/4a/34044c_fcff_cover-dom-warszawa.jpg,Warszawa Ursynów,ul. Jagielska,Dom,na sprzedaż,535 m²,8 pokoi,Bez pośredników,2 500 000 zł,4 673 zł / m²
https://adresowo.pl/o/dom-warszawa-ul-loteryjki-y5t2w8,https://s2.adresowa.pl/oi/54/67/33fe40_8509_cover-dom-warszawa.jpg,Warszawa Bielany,ul. Loteryjki,Dom,na sprzedaż,146 m²,6 pokoi,Bez pośredników,1 879 000 zł,12 870 zł / m²
https://adresowo.pl/o/dom-warszawa-136-m2-k7p3c6,https://s2.adresowa.pl/oi/12/4f/33fad4_4dc9_cover-dom-warszawa.jpg,Warszawa Białołęka,,Dom,na sprzedaż,136 m²,6 pokoi,Bez pośredników,1 950 000 zł,14 338 zł / m²
https://adresowo.pl/o/dom-warszawa-ul-ogrody-przyjaciol-r2q9l6,https://s2.adresowa.pl/oi/7f/50/33eeee_db62_cover-dom-warszawa.jpg,Warszawa Białołęka,ul. Ogrody Przyjaciół,Dom,na sprzedaż,124 m²,5 pokoi,Bez pośredników,1 470 000 zł,11 855 zł / m²
https://adresowo.pl/o/dom-warszawa-ul-wilgi-s8e6q4,https://s2.adresowa.pl/oi/50/53/33e0f4_78cc_cover-dom-warszawa.jpg,Warszawa Wawer,ul. Wilgi,Dom,na sprzedaż,240 m²,4 pokoje,Bez pośredników,2 900 000 zł,12 083 zł / m²
https://adresowo.pl/o/l5q5x3,https://s2.adresowa.pl/oi/57/66/33c554_c357_cover-dom-warszawa.jpg,Warszawa Włochy,ul. Flagowa,Dom,na sprzedaż,185 m²,6 pokoi,Bez pośredników,1 990 000 zł,10 757 zł / m²
https://adresowo.pl/o/b1i2d4,https://s2.adresowa.pl/oi/36/2a/33b5b4_c8a2_cover-dom-warszawa.jpg,Warszawa Zacisze,,Dom,na sprzedaż,220 m²,Bez pośredników,Bez pośredników,1 850 000 zł,8 409 zł / m²
https://adresowo.pl/o/dom-warszawa-ul-sloneczna-l3e3p9,https://s2.adresowa.pl/oi/7d/26/339e62_5f07_cover-dom-warszawa.jpg,Warszawa Białołęka,ul. Słoneczna,Dom,na sprzedaż,200 m²,Bez pośredników,Bez pośredników,1 670 000 zł,8 350 zł / m²
https://adresowo.pl/o/c4b7i4,https://s2.adresowa.pl/oi/56/58/33918c_6ce6_cover-dom-warszawa.jpg,Warszawa Wawer,,Dom,na sprzedaż,360 m²,7 pokoi,Bez pośredników,3 480 000 zł,9 667 zł / m²
https://adresowo.pl/o/f6y0k6,https://s2.adresowa.pl/oi/59/5c/3390f8_ea45_cover-dom-warszawa.jpg,Warszawa Radość,ul. Wiązowska,Dom,na sprzedaż,92 m²,4 pokoje,Bez pośredników,975 000 zł,10 598 zł / m²
https://adresowo.pl/o/dom-warszawa-ul-wladyslawa-sikorskiego-c0x3x1,https://s2.adresowa.pl/oi/61/41/338aec_d360_cover-dom-warszawa.jpg,Warszawa Wola Grzybowska,ul. Władysława Sikorskiego,Dom,na sprzedaż,295 m²,5 pokoi,Bez pośredników,1 490 000 zł,5 051 zł / m²
https://adresowo.pl/o/dom-warszawa-ul-trakt-lubelski-g7j6b5,https://s2.adresowa.pl/oi/60/61/337eb4_d4f9_cover-dom-warszawa.jpg,Warszawa Wawer,ul. Trakt Lubelski,Dom,na sprzedaż,181 m²,5 pokoi,Bez pośredników,2 390 000 zł,13 204 zł / m²
https://adresowo.pl/o/e3t9s4,https://s2.adresowa.pl/oi/16/78/336b66_3984_cover-dom-warszawa.jpg,Warszawa Rembertów,,Dom,na sprzedaż,85 m²,3 pokoje,Bez pośredników,529 000 zł,6 224 zł / m²
https://adresowo.pl/o/dom-warszawa-ul-jerzego-michalowicza-z8p5p4,https://s2.adresowa.pl/oi/6e/28/336400_bc4a_cover-dom-warszawa.jpg,Warszawa Ursus,ul. Jerzego Michałowicza,Dom,na sprzedaż,220 m²,6 pokoi,Bez pośredników,1 750 000 zł,7 955 zł / m²
https://adresowo.pl/o/d6x2w6,https://s2.adresowa.pl/oi/10/45/336174_5e6b_cover-dom-warszawa.jpg,Warszawa Zacisze,ul. Lwa,Dom,na sprzedaż,140 m²,5 pokoi,Bez pośredników,2 100 000 zł,15 000 zł / m²
https://adresowo.pl/o/s5h6q9,https://s2.adresowa.pl/oi/2a/1b/335cac_a22e_cover-dom-warszawa.jpg,Warszawa Powsin,ul. Przyczółkowa,Dom,na sprzedaż,235 m²,6 pokoi,Bez pośredników,3 099 000 zł,13 187 zł / m²
https://adresowo.pl/o/dom-warszawa-ul-jaspisowa-v5y3t8,https://s2.adresowa.pl/oi/3e/13/333b8e_d093_cover-dom-warszawa.jpg,Warszawa Stara Miłosna,ul. Jaspisowa,Dom,na sprzedaż,100 m²,5 pokoi,Bez pośredników,1 380 000 zł,13 800 zł / m²
https://adresowo.pl/o/dom-warszawa-ul-wita-stwosza-l2h8x0,https://s2.adresowa.pl/oi/63/3a/332e98_94bd_cover-dom-warszawa.jpg,Warszawa Mokotów,ul. Wita Stwosza,Dom,na sprzedaż,450 m²,10 pokoi,Bez pośredników,4 500 000 zł,10 000 zł / m²
https://adresowo.pl/o/dom-warszawa-ul-kazimierza-siemienowicza-w1i4n0,https://s2.adresowa.pl/oi/32/6a/332c72_6014_cover-dom-warszawa.jpg,Warszawa Bemowo,ul. Kazimierza Siemienowicza,Dom,na sprzedaż,170 m²,Bez pośredników,Bez pośredników,1 850 000 zł,10 882 zł / m²
https://adresowo.pl/o/dom-warszawa-ul-floriana-marciniaka-r9y7a6,https://s2.adresowa.pl/oi/7c/12/33240a_9cd5_cover-dom-warszawa.jpg,Warszawa Wawer,ul. Floriana Marciniaka,Dom,na sprzedaż,333 m²,7 pokoi,Bez pośredników,2 240 000 zł,6 733 zł / m²
https://adresowo.pl/o/dom-warszawa-ul-piwoniowa-s2y9y5,https://s2.adresowa.pl/oi/69/61/331fee_88b3_cover-dom-warszawa.jpg,Warszawa Białołęka,ul. Piwoniowa,Dom,na sprzedaż,113 m²,7 pokoi,Bez pośredników,1 490 000 zł,13 186 zł / m²
https://adresowo.pl/o/dom-warszawa-ul-lewkonii-c0k9r6,https://s2.adresowa.pl/oi/67/47/331c1e_c0a7_cover-dom-warszawa.jpg,Warszawa Radość,ul. Lewkonii,Dom,na sprzedaż,43 m²,3 pokoje,Bez pośredników,1 250 000 zł,29 070 zł / m²
https://adresowo.pl/o/dom-warszawa-ul-trakt-lubelski-d6h4o9,https://s2.adresowa.pl/oi/45/72/33122e_8d5c_cover-dom-warszawa.jpg,Warszawa Wawer,ul. Trakt Lubelski,Dom,na sprzedaż,158 m²,5 pokoi,Bez pośredników,2 500 000 zł,15 823 zł / m²
https://adresowo.pl/o/dom-warszawa-180-m2-e3s0w5,https://s2.adresowa.pl/oi/5d/6d/330e9e_b738_cover-dom-warszawa.jpg,Warszawa Wesoła,,Dom,na sprzedaż,180 m²,6 pokoi,Bez pośredników,2 000 000 zł,11 111 zł / m²
https://adresowo.pl/o/dom-warszawa-ul-juranda-ze-spychowa-l2z3r8,https://s2.adresowa.pl/oi/25/36/330b20_b123_cover-dom-warszawa.jpg,Warszawa Białołęka,ul. Juranda ze Spychowa,Dom,na sprzedaż,300 m²,7 pokoi,Bez pośredników,3 400 000 zł,11 333 zł / m²
https://adresowo.pl/o/dom-warszawa-200-m2-e0c2m3,https://s2.adresowa.pl/oi/56/57/330b14_7d64_cover-dom-warszawa.jpg,Warszawa Stara Miłosna,,Dom,na sprzedaż,200 m²,5 pokoi,Bez pośredników,1 590 000 zł,7 950 zł / m²
https://adresowo.pl/o/dom-warszawa-ul-wolodyjowskiego-e5f1v4,https://s2.adresowa.pl/oi/7e/3e/330726_8ad5_cover-dom-warszawa.jpg,Warszawa Mokotów,ul. Wołodyjowskiego,Dom,na sprzedaż,420 m²,Bez pośredników,Bez pośredników,4 495 000 zł,10 702 zł / m²
https://adresowo.pl/o/dom-warszawa-312-m2-j1d3b4,https://s2.adresowa.pl/oi/2e/5a/33037e_7673_cover-dom-warszawa.jpg,Warszawa Targówek,,Dom,na sprzedaż,312 m²,Bez pośredników,Bez pośredników,4 390 000 zł,14 071 zł / m²
https://adresowo.pl/o/dom-warszawa-ul-szawelska-t3u7d2,https://s2.adresowa.pl/oi/3a/48/32ff9a_9f04_cover-dom-warszawa.jpg,Warszawa Białołęka,ul. Szawelska,Dom,na sprzedaż,450 m²,8 pokoi,Bez pośredników,3 300 000 zł,7 333 zł / m²
https://adresowo.pl/o/m3r0r1,https://s2.adresowa.pl/oi/14/37/32fe9a_c002_cover-dom-warszawa.jpg,Warszawa Wawer,ul. Rozmarynu,Dom,na sprzedaż,140 m²,6 pokoi,Bez pośredników,2 130 000 zł,15 171 zł / m²
https://adresowo.pl/o/dom-warszawa-ul-trzykrotki-w9y4c0,https://s2.adresowa.pl/oi/3d/3c/31e40e_df25_cover-dom-warszawa.jpg,Warszawa Wawer,ul. Trzykrotki,Dom,na sprzedaż,95 m²,4 pokoje,Bez pośredników,790 000 zł,8 316 zł / m²
https://adresowo.pl/o/dom-warszawa-ul-grabowska-q5c0s6,https://s2.adresowa.pl/oi/2b/62/32e29c_aab1_cover-dom-warszawa.jpg,Warszawa Ursynów,ul. Grabowska,Dom,na sprzedaż,200 m²,7 pokoi,Bez pośredników,1 830 000 zł,9 139 zł / m²
https://adresowo.pl/o/dom-warszawa-ul-marcelinska-l0o7q4,https://s2.adresowa.pl/oi/2c/3f/32e086_85b7_cover-dom-warszawa.jpg,Warszawa Białołęka,ul. Marcelińska,Dom,na sprzedaż,156 m²,6 pokoi,Bez pośredników,920 000 zł,5 897 zł / m²
https://adresowo.pl/o/j0k7z5,https://s2.adresowa.pl/oi/62/15/32dacc_5993_cover-dom-warszawa.jpg,Warszawa Bemowo,ul. Michała Sobczaka,Dom,na sprzedaż,252 m²,7 pokoi,Bez pośredników,3 400 000 zł,13 492 zł / m²
https://adresowo.pl/o/u2y1g0,https://s2.adresowa.pl/oi/2b/37/32d698_a22d_cover-dom-warszawa.jpg,Warszawa Wawer,ul. Hafciarska,Dom,na sprzedaż,95 m²,4 pokoje,Bez pośredników,1 590 000 zł,16 737 zł / m²
https://adresowo.pl/o/p8x6m1,https://s2.adresowa.pl/oi/39/5b/32d28c_738c_cover-dom-warszawa.jpg,Warszawa Radość,ul. Rawicka,Dom,na sprzedaż,300 m²,8 pokoi,Bez pośredników,3 990 000 zł,13 300 zł / m²
https://adresowo.pl/o/q6m4r7,https://s2.adresowa.pl/oi/1f/12/32d06e_9e8a_cover-dom-warszawa.jpg,Warszawa Wawer,ul. Botaniczna,Dom,na sprzedaż,233 m²,6 pokoi,Bez pośredników,1 550 000 zł,6 652 zł / m²
https://adresowo.pl/o/g9h9f9,https://s2.adresowa.pl/oi/6a/3d/32c682_836b_cover-dom-warszawa.jpg,Warszawa Ursus,ul. Barbary Radziwiłłówny,Dom,na sprzedaż,136 m²,5 pokoi,Bez pośredników,1 495 000 zł,10 993 zł / m²
https://adresowo.pl/o/dom-warszawa-112-m2-q4e5b8,https://s2.adresowa.pl/oi/15/7e/32c648_b52e_cover-dom-warszawa.jpg,Warszawa Stara Miłosna,,Dom,na sprzedaż,112 m²,5 pokoi,Bez pośredników,1 700 000 zł,15 179 zł / m²
https://adresowo.pl/o/p5p3d8,https://s2.adresowa.pl/oi/47/74/32bf32_d943_cover-dom-warszawa.jpg,Warszawa Wygoda,,Dom,na sprzedaż,100 m²,5 pokoi,Bez pośredników,2 299 000 zł,22 990 zł / m²
https://adresowo.pl/o/dom-warszawa-ul-poprawna-o2a3f3,https://s2.adresowa.pl/oi/13/73/32a874_f0fa_cover-dom-warszawa.jpg,Warszawa Wawer,ul. Poprawna,Dom,na sprzedaż,144 m²,4 pokoje,Bez pośredników,1 750 000 zł,12 153 zł / m²
https://adresowo.pl/o/dom-warszawa-ul-staropolska-p4q0v7,https://s2.adresowa.pl/oi/5d/7d/3292f2_cb12_cover-dom-warszawa.jpg,Warszawa Białołęka,ul. Staropolska,Dom,na sprzedaż,300 m²,7 pokoi,Bez pośredników,3 400 000 zł,11 333 zł / m²
https://adresowo.pl/o/dom-warszawa-ul-jeziorowa-f2t6q1,https://s2.adresowa.pl/oi/15/12/327c44_6143_cover-dom-warszawa.jpg,Warszawa Wawer,ul. Jeziorowa,Dom,na sprzedaż,300 m²,6 pokoi,Bez pośredników,3 500 000 zł,11 667 zł / m²
https://adresowo.pl/o/dom-warszawa-ul-aleksandra-kostki-napierskiego-x8d7y9,https://s2.adresowa.pl/oi/61/7a/327700_e6a7_cover-dom-warszawa.jpg,Warszawa Ursynów,ul. Aleksandra Kostki Napierskiego,Dom,na sprzedaż,391 m²,Bez pośredników,Bez pośredników,1 999 000 zł,5 113 zł / m²
https://adresowo.pl/o/dom-warszawa-187-m2-o9g2i4,https://s2.adresowa.pl/oi/68/52/3275fa_a0e8_cover-dom-warszawa.jpg,Warszawa Ursynów,,Dom,na sprzedaż,187 m²,5 pokoi,Bez pośredników,2 200 000 zł,11 765 zł / m²
https://adresowo.pl/o/dom-warszawa-ul-giermkow-v0i6h3,https://s2.adresowa.pl/oi/21/6c/326dfe_275a_cover-dom-warszawa.jpg,Warszawa Rembertów,ul. Giermków,Dom,na sprzedaż,160 m²,5 pokoi,Bez pośredników,1 500 000 zł,9 375 zł / m²
https://adresowo.pl/o/dom-warszawa-ul-ciechocinska-f2d1t0,https://s2.adresowa.pl/oi/40/12/326db0_a5bd_cover-dom-warszawa.jpg,Warszawa Sadyba,ul. Ciechocińska,Dom,na sprzedaż,380 m²,9 pokoi,Bez pośredników,4 650 000 zł,12 237 zł / m²
https://adresowo.pl/o/dom-warszawa-ul-bialoborska-c7g2t0,https://s2.adresowa.pl/oi/56/2f/324e8a_2af7_cover-dom-warszawa.jpg,Warszawa Wawer,ul. Białoborska,Dom,na sprzedaż,576 m²,Bez pośredników,Bez pośredników,2 600 000 zł,4 515 zł / m²
https://adresowo.pl/o/dom-warszawa-186-m2-d9o0k5,https://s2.adresowa.pl/oi/1e/58/324ce0_c14a_cover-dom-warszawa.jpg,Warszawa Targówek,,Dom,na sprzedaż,186 m²,5 pokoi,Bez pośredników,2 600 000 zł,13 978 zł / m²
https://adresowo.pl/o/dom-warszawa-ul-stanislawa-bodycha-i7i1y9,https://s2.adresowa.pl/oi/23/17/32445e_85d5_cover-dom-warszawa.jpg,Warszawa Ursus,ul. Stanisława Bodycha,Dom,na sprzedaż,80 m²,Bez pośredników,Bez pośredników,645 000 zł,8 063 zł / m²
https://adresowo.pl/o/dom-warszawa-ul-aleksandrowska-i2f0u7,https://s2.adresowa.pl/oi/72/61/321dd2_c2d9_cover-dom-warszawa.jpg,Warszawa Wawer,ul. Aleksandrowska,Dom,na sprzedaż,245 m²,Bez pośredników,Bez pośredników,3 460 000 zł,14 122 zł / m²
https://adresowo.pl/o/dom-warszawa-ul-podmiejska-d6o2p3,https://s2.adresowa.pl/oi/45/3e/32198c_9680_cover-dom-warszawa.jpg,Warszawa Bemowo,ul. Podmiejska,Dom,na sprzedaż,334 m²,7 pokoi,Bez pośredników,2 400 000 zł,7 186 zł / m²
https://adresowo.pl/o/dom-warszawa-ul-poetow-d8m7b1,https://s2.adresowa.pl/oi/49/71/3213c4_f768_cover-dom-warszawa.jpg,Warszawa Winnica,ul. Poetów,Dom,na sprzedaż,138 m²,5 pokoi,Bez pośredników,1 800 000 zł,13 043 zł / m²
https://adresowo.pl/o/dom-warszawa-35-m2-z2p4b7,https://s2.adresowa.pl/oi/72/76/32138a_8406_cover-dom-warszawa.jpg,Warszawa Praga-Południe,,Dom,na sprzedaż,35 m²,Bez pośredników,Bez pośredników,105 000 zł,3 000 zł / m²
https://adresowo.pl/o/dom-warszawa-ul-alberta-einsteina-y6y4t9,https://s2.adresowa.pl/oi/77/5c/320cbe_72bd_cover-dom-warszawa.jpg,Warszawa Bemowo,ul. Alberta Einsteina,Dom,na sprzedaż,212 m²,9 pokoi,Bez pośredników,2 400 000 zł,11 321 zł / m²
https://adresowo.pl/o/dom-warszawa-ul-rogatkowa-z8w4y0,https://s2.adresowa.pl/oi/73/64/320b54_b94f_cover-dom-warszawa.jpg,Warszawa Wawer,ul. Rogatkowa,Dom,na sprzedaż,320 m²,7 pokoi,Bez pośredników,1 795 000 zł,5 609 zł / m²
https://adresowo.pl/o/dom-warszawa-ul-platnicza-h4x8a1,https://s2.adresowa.pl/oi/3c/7b/320548_f008_cover-dom-warszawa.jpg,Warszawa Bielany,ul. Płatnicza,Dom,na sprzedaż,160 m²,6 pokoi,Bez pośredników,2 850 000 zł,17 813 zł / m²
https://adresowo.pl/o/dom-warszawa-ul-melisy-i1b3c0,https://s2.adresowa.pl/oi/2f/74/31ea24_a04a_cover-dom-warszawa.jpg,Warszawa Wesoła,ul. Melisy,Dom,na sprzedaż,180 m²,6 pokoi,Bez pośredników,2 000 000 zł,11 111 zł / m²
https://adresowo.pl/o/dom-warszawa-ul-bialowiejska-b4q3e5,https://s2.adresowa.pl/oi/52/3e/31b788_eb0e_cover-dom-warszawa.jpg,Warszawa Wola,ul. Białowiejska,Dom,na sprzedaż,330 m²,7 pokoi,Bez pośredników,3 950 000 zł,11 970 zł / m²
https://adresowo.pl/o/dom-warszawa-ul-liliowa-q9f0j5,https://s2.adresowa.pl/oi/72/7a/31b19a_6f49_cover-dom-warszawa.jpg,Warszawa Wawer,ul. Liliowa,Dom,na sprzedaż,180 m²,6 pokoi,Bez pośredników,1 690 000 zł,9 389 zł / m²
https://adresowo.pl/o/dom-warszawa-ul-tawulkowa-a7v3a4,https://s2.adresowa.pl/oi/49/21/31a3ca_94a5_cover-dom-warszawa.jpg,Warszawa Wawer,ul. Tawułkowa,Dom,na sprzedaż,77 m²,4 pokoje,Bez pośredników,1 199 999 zł,15 584 zł / m²
https://adresowo.pl/o/l7w5q9,https://s2.adresowa.pl/oi/1d/5a/31a1f0_9165_cover-dom-warszawa.jpg,Warszawa Białołęka,ul. Dzikiej Kaczki,Dom,na sprzedaż,115 m²,3 pokoje,Bez pośredników,1 600 000 zł,13 897 zł / m²
https://adresowo.pl/o/dom-warszawa-ul-szaserow-n3a1o4,https://s2.adresowa.pl/oi/14/7b/3195a0_f803_cover-dom-warszawa.jpg,Warszawa Grochów,ul. Szaserów,Dom,na sprzedaż,80 m²,2 pokoje,Bez pośredników,1 450 000 zł,18 125 zł / m²
https://adresowo.pl/o/w7y9v0,https://s2.adresowa.pl/oi/67/1b/31873e_4b7d_cover-dom-warszawa.jpg,Warszawa Stara Miłosna,ul. Torfowa,Dom,na sprzedaż,230 m²,6 pokoi,Bez pośredników,1 450 000 zł,6 304 zł / m²
https://adresowo.pl/o/dom-warszawa-ul-borowiecka-n7o9x0,https://s2.adresowa.pl/oi/44/5a/3181c0_af10_cover-dom-warszawa.jpg,Warszawa Wawer,ul. Borowiecka,Dom,na sprzedaż,211 m²,6 pokoi,Bez pośredników,1 950 000 zł,9 224 zł / m²
https://adresowo.pl/o/t9w1b3,https://s2.adresowa.pl/oi/29/73/3167a4_6f05_cover-dom-warszawa.jpg,Warszawa Stara Miłosna,ul. Dworkowa,Dom,na sprzedaż,115 m²,4 pokoje,Bez pośredników,1 590 000 zł,13 826 zł / m²
https://adresowo.pl/o/dom-warszawa-ul-przylesie-a1x7b1,https://s2.adresowa.pl/oi/28/16/314eb6_5162_cover-dom-warszawa.jpg,Warszawa Białołęka,ul. Przylesie,Dom,na sprzedaż,50 m²,2 pokoje,Bez pośredników,1 150 000 zł,23 000 zł / m²
https://adresowo.pl/o/s8w1a2,https://s2.adresowa.pl/oi/10/73/312aaa_c485_cover-dom-warszawa.jpg,Warszawa Targówek,,Dom,na sprzedaż,35 m²,Bez pośredników,Bez pośredników,135 000 zł,3 857 zł / m²
https://adresowo.pl/o/dom-warszawa-ul-lakowa-x0x6l9,https://s2.adresowa.pl/oi/7d/10/30ed98_e571_cover-dom-warszawa.jpg,Warszawa Choszczówka,ul. Łąkowa,Dom,na sprzedaż,133 m²,5 pokoi,Bez pośredników,1 590 000 zł,11 923 zł / m²
https://adresowo.pl/o/dom-warszawa-ul-wal-miedzeszynski-l0k0y0,https://s2.adresowa.pl/oi/26/39/357704_f4b5_cover-dom-warszawa.jpg,Warszawa Wawer,ul. Wał Miedzeszyński,Dom,na sprzedaż,135 m²,5 pokoi,Bez pośredników,1 599 000 zł,11 844 zł / m²
https://adresowo.pl/o/dom-warszawa-ul-benedykta-hertza-q5n9x3,https://s2.adresowa.pl/oi/28/6c/30ccc8_ce4f_cover-dom-warszawa.jpg,Warszawa Anin,ul. Benedykta Hertza,Dom,na sprzedaż,140 m²,7 pokoi,Bez pośredników,2 200 000 zł,15 714 zł / m²
https://adresowo.pl/o/dom-warszawa-ul-danusi-i3d6d7,https://s2.adresowa.pl/oi/23/2e/30be60_845f_cover-dom-warszawa.jpg,Warszawa Białołęka,ul. Danusi,Dom,na sprzedaż,135 m²,5 pokoi,Bez pośredników,1 680 000 zł,12 444 zł / m²
https://adresowo.pl/o/dom-warszawa-ul-wiedenska-d7s6r1,https://s2.adresowa.pl/oi/7f/39/30a4a0_ca69_cover-dom-warszawa.jpg,Warszawa Wilanów,ul. Wiedeńska,Dom,na sprzedaż,135 m²,5 pokoi,Bez pośredników,2 700 000 zł,20 000 zł / m²
https://adresowo.pl/o/m4u0n1,https://s2.adresowa.pl/oi/7b/5e/309944_362e_cover-dom-warszawa.jpg,Warszawa Wilanów,ul. Bruzdowa,Dom,na sprzedaż,126 m²,3 pokoje,Bez pośredników,1 600 000 zł,12 698 zł / m²
https://adresowo.pl/o/dom-warszawa-ul-miedzyrzecze-p0b6b1,https://s2.adresowa.pl/oi/11/7a/3075b2_7f0f_cover-dom-warszawa.jpg,Warszawa Białołęka,ul. Międzyrzecze,Dom,na sprzedaż,188 m²,4 pokoje,Bez pośredników,1 900 000 zł,10 106 zł / m²
https://adresowo.pl/o/dom-warszawa-ul-zalipie-g7w1k5,https://s2.adresowa.pl/oi/43/36/306eb8_b92a_cover-dom-warszawa.jpg,Warszawa Anin,ul. Zalipie,Dom,na sprzedaż,333 m²,6 pokoi,Bez pośredników,3 950 000 zł,11 862 zł / m²
https://adresowo.pl/o/dom-warszawa-ul-transportowcow-b6e2z4,https://s2.adresowa.pl/oi/39/6a/3065bc_2807_cover-dom-warszawa.jpg,Warszawa Ursynów,ul. Transportowców,Dom,na sprzedaż,282 m²,5 pokoi,Bez pośredników,4 750 000 zł,16 844 zł / m²
https://adresowo.pl/o/dom-warszawa-ul-wal-miedzeszynski-w3p1q5,https://s2.adresowa.pl/oi/7a/49/30541c_4b0c_cover-dom-warszawa.jpg,Warszawa Wawer,ul. Wał Miedzeszyński,Dom,na sprzedaż,180 m²,6 pokoi,Bez pośredników,1 290 000 zł,7 167 zł / m²
https://adresowo.pl/o/dom-warszawa-ul-zagorzanska-s0s8v1,https://s2.adresowa.pl/oi/5b/33/354dda_379a_cover-dom-warszawa.jpg,Warszawa Wawer,ul. Zagórzańska,Dom,na sprzedaż,240 m²,6 pokoi,Oferta biura nieruchomości,4 850 000 zł,20 208 zł / m²
https://adresowo.pl/o/dom-warszawa-218-m2-g8g4m1,https://s2.adresowa.pl/oi/2e/7a/352956_59c2_cover-dom-warszawa.jpg,Warszawa Wawer,,Dom,na sprzedaż,218 m²,6 pokoi,Oferta biura nieruchomości,2 350 000 zł,10 765 zł / m²
https://adresowo.pl/o/t4a2n8,https://s2.adresowa.pl/oi/3f/5b/3013a8_5841_cover-dom-warszawa.jpg,Warszawa Białołęka,,Dom,na sprzedaż,110 m²,Bez pośredników,Bez pośredników,990 000 zł,9 000 zł / m²
https://adresowo.pl/o/dom-warszawa-ul-henryka-melcera-v5z0h6,https://s2.adresowa.pl/oi/6b/63/301112_dcf5_cover-dom-warszawa.jpg,Warszawa Ursus,ul. Henryka Melcera,Dom,na sprzedaż,290 m²,6 pokoi,Bez pośredników,2 600 000 zł,8 966 zł / m²
https://adresowo.pl/o/d1y6e1,https://s2.adresowa.pl/oi/14/16/30002a_e2f5_cover-dom-warszawa.jpg,Warszawa Targówek,ul. Promienna,Dom,na sprzedaż,187 m²,5 pokoi,Bez pośredników,1 400 000 zł,7 487 zł / m²
https://adresowo.pl/o/t9e0v6,https://s2.adresowa.pl/oi/29/10/2fc4cc_c6ee_cover-dom-warszawa.jpg,Warszawa Białołęka,ul. Pstra,Dom,na sprzedaż,195 m²,6 pokoi,Bez pośredników,2 195 000 zł,11 256 zł / m²
https://adresowo.pl/o/d5u7n5,https://s2.adresowa.pl/oi/39/70/2fa1b6_8168_cover-dom-warszawa.jpg,Warszawa Białołęka,ul. Juranda ze Spychowa,Dom,na sprzedaż,280 m²,7 pokoi,Bez pośredników,3 540 000 zł,12 643 zł / m²
https://adresowo.pl/o/i7w5g0,https://s2.adresowa.pl/oi/46/1b/2f49dc_b1c7_cover-dom-warszawa.jpg,Warszawa Wesoła,,Dom,na sprzedaż,450 m²,6 pokoi,Bez pośredników,3 900 000 zł,8 667 zł / m²
https://adresowo.pl/o/dom-warszawa-ul-samuela-twardowskiego-g9b5q4,https://s2.adresowa.pl/oi/63/55/2f36e8_e403_cover-dom-warszawa.jpg,Warszawa Żoliborz,ul. Samuela Twardowskiego,Dom,na sprzedaż,246 m²,6 pokoi,Bez pośredników,3 822 000 zł,15 537 zł / m²
https://adresowo.pl/o/dom-warszawa-ul-zerzenska-y7v5r2,https://s2.adresowa.pl/oi/68/25/2f2f10_a17a_cover-dom-warszawa.jpg,Warszawa Wawer,ul. Zerzeńska,Dom,na sprzedaż,230 m²,5 pokoi,Bez pośredników,4 990 000 zł,21 696 zł / m²
https://adresowo.pl/o/dom-warszawa-ul-legowa-v1j8y8,https://s2.adresowa.pl/oi/32/1f/3520be_a16d_cover-dom-warszawa.jpg,Warszawa Powsin,ul. Łęgowa,Dom,na sprzedaż,221 m²,6 pokoi,Oferta biura nieruchomości,2 870 000 zł,12 986 zł / m²
https://adresowo.pl/o/dom-warszawa-ul-lukasza-drewny-z9e5k0,https://s2.adresowa.pl/oi/5f/12/35207e_cdf0_cover-dom-warszawa.jpg,Warszawa Wilanów,ul. Łukasza Drewny,Dom,na sprzedaż,270 m²,5 pokoi,Oferta biura nieruchomości,2 950 000 zł,10 926 zł / m²
https://adresowo.pl/o/j4l1n7,https://s2.adresowa.pl/oi/7d/7d/2f1af2_3a95_cover-dom-warszawa.jpg,Warszawa Wawer,ul. Podkowy,Dom,na sprzedaż,331 m²,8 pokoi,Bez pośredników,3 480 000 zł,10 514 zł / m²
https://adresowo.pl/o/dom-warszawa-ul-lopuszanska-a9q6d0,https://s2.adresowa.pl/oi/1e/13/2ef6ee_bd71_cover-dom-warszawa.jpg,Warszawa Włochy,ul. Łopuszańska,Dom,na sprzedaż,372 m²,Bez pośredników,Bez pośredników,2 600 000 zł,6 989 zł / m²
https://adresowo.pl/o/dom-warszawa-ul-stanislawa-chudoby-q0u2t4,https://s2.adresowa.pl/oi/4e/21/2ec2b2_419d_cover-dom-warszawa.jpg,Warszawa Białołęka,ul. Stanisława Chudoby,Dom,na sprzedaż,167 m²,5 pokoi,Bez pośredników,1 950 000 zł,11 697 zł / m²
https://adresowo.pl/o/k0u6p2,https://s2.adresowa.pl/oi/54/6d/2eb71e_b0bd_cover-dom-warszawa.jpg,Warszawa Bielany,ul. Loteryjki,Dom,na sprzedaż,146 m²,6 pokoi,Bez pośredników,1 850 000 zł,12 671 zł / m²
https://adresowo.pl/o/i0v2o5,https://s2.adresowa.pl/oi/3e/47/2e6f86_9889_cover-dom-warszawa.jpg,Warszawa Włochy,,Dom,na sprzedaż,266 m²,6 pokoi,Bez pośredników,1 990 000 zł,7 481 zł / m²
https://adresowo.pl/o/u2k6e2,https://s2.adresowa.pl/oi/69/7a/2e601c_ac72_cover-dom-warszawa.jpg,Warszawa Augustówka,ul. Romana Statkowskiego,Dom,na sprzedaż,175 m²,Bez pośredników,Bez pośredników,3 000 000 zł,17 143 zł / m²
https://adresowo.pl/o/p0f2q7,https://s2.adresowa.pl/oi/2c/24/2e2274_36df_cover-dom-warszawa.jpg,Warszawa Wawer,ul. Artystyczna,Dom,na sprzedaż,177 m²,5 pokoi,Bez pośredników,2 250 000 zł,12 723 zł / m²
https://adresowo.pl/o/a3x3l4,https://s2.adresowa.pl/oi/79/5e/2e1676_2f6c_cover-dom-warszawa.jpg,Warszawa Wawer,,Dom,na sprzedaż,400 m²,Bez pośredników,Bez pośredników,4 900 000 zł,12 250 zł / m²
https://adresowo.pl/o/dom-warszawa-163-m2-l8j1e7,https://s2.adresowa.pl/oi/78/17/351ab4_6a85_cover-dom-warszawa.jpg,Warszawa Wawer,,Dom,na sprzedaż,163 m²,6 pokoi,Oferta biura nieruchomości,1 650 000 zł,10 123 zł / m²
https://adresowo.pl/o/dom-warszawa-ul-arkuszowa-r6s0q5,https://s2.adresowa.pl/oi/33/23/351364_a53d_cover-dom-warszawa.jpg,Warszawa Bielany,ul. Arkuszowa,Dom,na sprzedaż,210 m²,6 pokoi,Oferta biura nieruchomości,2 388 000 zł,11 371 zł / m²
https://adresowo.pl/o/dom-warszawa-175-m2-j3f6z9,https://s2.adresowa.pl/oi/5c/6a/2dec7e_de95_cover-dom-warszawa.jpg,Warszawa Białołęka,,Dom,na sprzedaż,175 m²,Bez pośredników,Bez pośredników,1 850 000 zł,10 571 zł / m²
https://adresowo.pl/o/y0z8x5,https://s2.adresowa.pl/oi/66/56/2dd844_98c9_cover-dom-warszawa.jpg,Warszawa Wilanów,ul. Zakamarek,Dom,na sprzedaż,145 m²,6 pokoi,Bez pośredników,2 990 000 zł,20 621 zł / m²
https://adresowo.pl/o/b3t7q6,https://s2.adresowa.pl/oi/4d/76/2dd6a6_42b2_cover-dom-warszawa.jpg,Warszawa Wilanów,ul. Rukoli,Dom,na sprzedaż,174 m²,6 pokoi,Bez pośredników,2 800 000 zł,16 092 zł / m²
https://adresowo.pl/o/dom-warszawa-ul-plowiecka-m6k6q0,https://s2.adresowa.pl/oi/71/62/2d965e_df83_cover-dom-warszawa.jpg,Warszawa Wawer,ul. Płowiecka,Dom,na sprzedaż,40 m²,Bez pośredników,Bez pośredników,900 000 zł,22 500 zł / m²
https://adresowo.pl/o/dom-warszawa-ul-czolowa-t9s8k9,https://s2.adresowa.pl/oi/68/67/2d86a6_9afc_cover-dom-warszawa.jpg,Warszawa Białołęka,ul. Czołowa,Dom,na sprzedaż,145 m²,Bez pośredników,Bez pośredników,1 790 000 zł,12 345 zł / m²
https://adresowo.pl/o/x7l3a5,https://s2.adresowa.pl/oi/4f/1f/2a750a_bb50_cover-dom-warszawa.jpg,Warszawa Anin,ul. Homera,Dom,na sprzedaż,350 m²,8 pokoi,Bez pośredników,3 300 000 zł,9 429 zł / m²
https://adresowo.pl/o/h4n8k1,https://s2.adresowa.pl/oi/27/3b/2d40a0_9a44_cover-dom-warszawa.jpg,Warszawa Wilanów,ul. Rumiana,Dom,na sprzedaż,245 m²,5 pokoi,Bez pośredników,3 800 000 zł,15 510 zł / m²
https://adresowo.pl/o/p3l1l9,https://s2.adresowa.pl/oi/66/33/2d37f6_3131_cover-dom-warszawa.jpg,Warszawa Białołęka,ul. Owoców Leśnych,Dom,na sprzedaż,104 m²,3 pokoje,Bez pośredników,1 199 000 zł,11 529 zł / m²
https://adresowo.pl/o/dom-warszawa-175-m2-i8v9r7,https://s2.adresowa.pl/oi/2e/60/350cd4_e2bc_cover-dom-warszawa.jpg,Warszawa Kabaty,,Dom,na sprzedaż,175 m²,5 pokoi,Oferta biura nieruchomości,2 300 000 zł,13 143 zł / m²
https://adresowo.pl/o/dom-warszawa-ul-rybnicka-y8m7l6,https://s2.adresowa.pl/oi/47/2b/350a84_c74c_cover-dom-warszawa.jpg,Warszawa Włochy,ul. Rybnicka,Dom,na sprzedaż,275 m²,7 pokoi,Oferta biura nieruchomości,5 100 000 zł,18 545 zł / m²
https://adresowo.pl/o/i9k0c9,https://s2.adresowa.pl/oi/24/69/2cd20c_6196_cover-dom-warszawa.jpg,Warszawa Białołęka,ul. Kroczewska,Dom,na sprzedaż,200 m²,Bez pośredników,Bez pośredników,1 250 000 zł,6 250 zł / m²
https://adresowo.pl/o/f7o6m9,https://s2.adresowa.pl/oi/29/68/2cc28a_b1f5_cover-dom-warszawa.jpg,Warszawa Wilanów,ul. Prętowa,Dom,na sprzedaż,157 m²,6 pokoi,Bez pośredników,2 100 000 zł,13 376 zł / m²
https://adresowo.pl/o/dom-warszawa-ul-okretowa-w6z0a6,https://s2.adresowa.pl/oi/14/6e/2bac5e_8c30_cover-dom-warszawa.jpg,Warszawa Bemowo,ul. Okrętowa,Dom,na sprzedaż,240 m²,5 pokoi,Bez pośredników,3 400 000 zł,14 167 zł / m²
https://adresowo.pl/o/dom-warszawa-ul-kadzioleczki-n5t9w5,https://s2.adresowa.pl/oi/68/2d/2b4b08_ea49_cover-dom-warszawa.jpg,Warszawa Ursynów,ul. Kądziołeczki,Dom,na sprzedaż,145 m²,4 pokoje,Bez pośredników,960 000 zł,6 621 zł / m²
https://adresowo.pl/o/a1n5e2,https://s2.adresowa.pl/oi/31/29/2afb7e_2ef2_cover-dom-warszawa.jpg,Warszawa Praga-Południe,,Dom,na sprzedaż,181 m²,Bez pośredników,Bez pośredników,1 600 000 zł,8 840 zł / m²
https://adresowo.pl/o/k6o2a1,https://s2.adresowa.pl/oi/57/41/2adcba_b2c5_cover-dom-warszawa.jpg,Warszawa Żoliborz,,Dom,na sprzedaż,500 m²,Bez pośredników,Bez pośredników,6 500 000 zł,13 000 zł / m²
https://adresowo.pl/o/dom-warszawa-ul-kadzioleczki-l0w8p8,https://s2.adresowa.pl/oi/3e/29/2adc18_72c5_cover-dom-warszawa.jpg,Warszawa Ursynów,ul. Kądziołeczki,Dom,na sprzedaż,216 m²,6 pokoi,Bez pośredników,1 490 000 zł,6 898 zł / m²
https://adresowo.pl/o/o4o8x2,https://s2.adresowa.pl/oi/22/76/2aa18e_a165_cover-dom-warszawa.jpg,Warszawa Młociny,ul. Ptasi Raj,Dom,na sprzedaż,275 m²,5 pokoi,Bez pośredników,4 900 000 zł,17 818 zł / m²
https://adresowo.pl/o/dom-warszawa-160-m2-t2p6o8,https://s2.adresowa.pl/oi/5f/46/34fb2c_e1dc_cover-dom-warszawa.jpg,Warszawa Rembertów,,Dom,na sprzedaż,160 m²,5 pokoi,Oferta biura nieruchomości,1 390 000 zł,8 688 zł / m²
https://adresowo.pl/o/dom-warszawa-ul-ogorkowa-w9i2g5,https://s2.adresowa.pl/oi/6d/4c/34fb1e_cdb3_cover-dom-warszawa.jpg,Warszawa Wawer,ul. Ogórkowa,Dom,na sprzedaż,130 m²,4 pokoje,Oferta biura nieruchomości,1 249 000 zł,9 608 zł / m²
https://adresowo.pl/o/dom-warszawa-ul-pasterska-q1a8z5,https://s2.adresowa.pl/oi/28/42/2a95fa_cae3_cover-dom-warszawa.jpg,Warszawa Bielany,ul. Pasterska,Dom,na sprzedaż,260 m²,5 pokoi,Bez pośredników,2 999 000 zł,11 535 zł / m²
https://adresowo.pl/o/dom-warszawa-ul-dabrowa-a2h2p7,https://s2.adresowa.pl/oi/35/74/2a6e48_521d_cover-dom-warszawa.jpg,Warszawa Wawer,ul. Dąbrowa,Dom,na sprzedaż,150 m²,4 pokoje,Bez pośredników,1 250 000 zł,8 333 zł / m²
https://adresowo.pl/o/dom-warszawa-ul-wiazana-l2e4p9,https://s2.adresowa.pl/oi/79/63/2a054a_c09d_cover-dom-warszawa.jpg,Warszawa Międzylesie,ul. Wiązana,Dom,na sprzedaż,220 m²,7 pokoi,Bez pośredników,2 430 000 zł,11 045 zł / m²
https://adresowo.pl/o/u9t8y9,https://s2.adresowa.pl/oi/33/52/29d1ee_a94d_cover-dom-warszawa.jpg,Warszawa Wilanów,ul. Powsińska,Dom,na sprzedaż,340 m²,7 pokoi,Bez pośredników,2 850 000 zł,8 382 zł / m²
https://adresowo.pl/o/dom-warszawa-ul-dankowicka-h1c1r3,https://s2.adresowa.pl/oi/42/14/29be82_6d61_cover-dom-warszawa.jpg,Warszawa Młociny,ul. Dankowicka,Dom,na sprzedaż,270 m²,7 pokoi,Bez pośredników,3 000 000 zł,11 111 zł / m²
https://adresowo.pl/o/y0q8c2,https://s2.adresowa.pl/oi/12/10/29a1cc_4fcd_cover-dom-warszawa.jpg,Warszawa Bielany,ul. Pęcicka,Dom,na sprzedaż,277 m²,5 pokoi,Bez pośredników,3 200 000 zł,11 552 zł / m²
https://adresowo.pl/o/i5i2x8,https://s2.adresowa.pl/oi/76/26/28cc6e_a2bf_cover-dom-warszawa.jpg,Warszawa Wesoła,,Dom,na sprzedaż,330 m²,Bez pośredników,Bez pośredników,2 599 000 zł,7 876 zł / m²
https://adresowo.pl/o/g7n5u9,https://s2.adresowa.pl/oi/45/5a/289ef2_9a7e_cover-dom-warszawa.jpg,Warszawa Mokotów,,Dom,na sprzedaż,35 m²,Bez pośredników,Bez pośredników,149 000 zł,4 257 zł / m²
https://adresowo.pl/o/dom-warszawa-117-m2-r2p0p4,https://s2.adresowa.pl/oi/48/4c/34eeaa_68d2_cover-dom-warszawa.jpg,Warszawa Wesoła,,Dom,na sprzedaż,117 m²,4 pokoje,Oferta biura nieruchomości,790 000 zł,6 752 zł / m²
https://adresowo.pl/o/dom-warszawa-al-armii-krajowej-f3c9b5,https://s2.adresowa.pl/oi/4d/74/34e97e_bf93_cover-dom-warszawa.jpg,Warszawa Wesoła,al. Armii Krajowej,Dom,na sprzedaż,323 m²,7 pokoi,Oferta biura nieruchomości,2 670 000 zł,8 277 zł / m²
https://adresowo.pl/o/i1r5e6,https://s2.adresowa.pl/oi/7d/29/288f46_89f0_cover-dom-warszawa.jpg,Warszawa Białołęka,ul. Kobiałka,Dom,na sprzedaż,230 m²,4 pokoje,Bez pośredników,2 150 000 zł,9 348 zł / m²
https://adresowo.pl/o/dom-warszawa-ul-ludwinowska-l3d6r2,https://s2.adresowa.pl/oi/15/5e/2881b4_c651_cover-dom-warszawa.jpg,Warszawa Ursynów,ul. Ludwinowska,Dom,na sprzedaż,130 m²,4 pokoje,Bez pośredników,1 500 000 zł,11 538 zł / m²
https://adresowo.pl/o/dom-warszawa-ul-warszawska-r5q9i8,https://s2.adresowa.pl/oi/55/27/27fd52_ab1e_cover-dom-warszawa.jpg,Warszawa Wesoła,ul. Warszawska,Dom,na sprzedaż,170 m²,5 pokoi,Bez pośredników,2 420 000 zł,14 235 zł / m²
https://adresowo.pl/o/t4r6s5,https://s2.adresowa.pl/oi/60/10/2850cc_9019_cover-dom-warszawa.jpg,Warszawa Wawer,ul. Dąbrowa,Dom,na sprzedaż,145 m²,5 pokoi,Bez pośredników,890 000 zł,6 138 zł / m²
https://adresowo.pl/o/dom-warszawa-ul-trombity-o5h7i5,https://s2.adresowa.pl/oi/30/69/27bbc8_d2dd_cover-dom-warszawa.jpg,Warszawa Ursynów,ul. Trombity,Dom,na sprzedaż,1000 m²,Bez pośredników,Bez pośredników,15 000 000 zł,15 000 zł / m²
https://adresowo.pl/o/dom-warszawa-ul-koryncka-r0z9o2,https://s2.adresowa.pl/oi/2b/23/266738_d9d4_cover-dom-warszawa.jpg,Warszawa Wawer,ul. Koryncka,Dom,na sprzedaż,480 m²,5 pokoi,Bez pośredników,1 599 000 zł,3 331 zł / m²
https://adresowo.pl/o/dom-warszawa-ul-boleslawa-chrobrego-b8m2k4,https://s2.adresowa.pl/oi/17/51/263f4c_b06f_cover-dom-warszawa.jpg,Warszawa Włochy,ul. Bolesława Chrobrego,Dom,na sprzedaż,264 m²,12 pokoi,Bez pośredników,3 099 000 zł,11 739 zł / m²
https://adresowo.pl/o/dom-warszawa-ul-promienista-f3h3z9,https://s2.adresowa.pl/oi/41/57/250620_d8fe_cover-dom-warszawa.jpg,Warszawa Włochy,ul. Promienista,Dom,na sprzedaż,410 m²,4 pokoje,Bez pośredników,4 140 000 zł,10 098 zł / m²
https://adresowo.pl/o/dom-warszawa-ul-izdebnicka-q5f5c6,https://s2.adresowa.pl/oi/6a/34/34d1ec_a96c_cover-dom-warszawa.jpg,Warszawa Rembertów,ul. Izdebnicka,Dom,na sprzedaż,170 m²,6 pokoi,Oferta biura nieruchomości,1 980 000 zł,11 647 zł / m²
https://adresowo.pl/o/dom-warszawa-ul-jeziorowa-f2a9w8,https://s2.adresowa.pl/oi/1c/33/34c768_dd83_cover-dom-warszawa.jpg,Warszawa Wawer,ul. Jeziorowa,Dom,na sprzedaż,203 m²,5 pokoi,Oferta biura nieruchomości,2 474 000 zł,12 217 zł / m²
https://adresowo.pl/o/dom-warszawa-ul-krasnowolska-j2x2r1,https://s2.adresowa.pl/oi/68/7e/24ef52_8ccd_cover-dom-warszawa.jpg,Warszawa Grabów,ul. Krasnowolska,Dom,na sprzedaż,250 m²,8 pokoi,Bez pośredników,4 000 000 zł,16 000 zł / m²
https://adresowo.pl/o/dom-warszawa-ul-kazimierza-szalasa-j1v2h2,https://s2.adresowa.pl/oi/72/64/248922_66af_cover-dom-warszawa.jpg,Warszawa Białołęka,ul. Kazimierza Szałasa,Dom,na sprzedaż,350 m²,6 pokoi,Bez pośredników,2 275 000 zł,6 500 zł / m²
https://adresowo.pl/o/dom-warszawa-ul-spalinowa-b9i3p2,https://s2.adresowa.pl/oi/38/1d/23a8b8_a6fe_cover-dom-warszawa.jpg,Warszawa Praga-Południe,ul. Spalinowa,Dom,na sprzedaż,160 m²,4 pokoje,Bez pośredników,1 400 000 zł,8 750 zł / m²
https://adresowo.pl/o/t0l2d4,https://s2.adresowa.pl/oi/4e/76/23a1be_b70c_cover-dom-warszawa.jpg,Warszawa Wesoła,ul. Adama Mickiewicza,Dom,na sprzedaż,320 m²,5 pokoi,Bez pośredników,1 200 000 zł,3 750 zł / m²
https://adresowo.pl/o/dom-warszawa-ul-sepia-h4l1q1,https://s2.adresowa.pl/oi/72/32/23759a_871f_cover-dom-warszawa.jpg,Warszawa Wawer,ul. Sępia,Dom,na sprzedaż,165 m²,5 pokoi,Bez pośredników,2 000 000 zł,12 121 zł / m²
https://adresowo.pl/o/dom-warszawa-91-m2-x2c5m0,https://s2.adresowa.pl/oi/59/53/218e0e_eeda_cover-dom-warszawa.jpg,Warszawa Targówek,,Dom,na sprzedaż,91 m²,4 pokoje,Bez pośredników,2 500 000 zł,27 473 zł / m²
https://adresowo.pl/o/dom-warszawa-ul-czeremchowa-h8w1i9,https://s2.adresowa.pl/oi/35/30/2127e4_789b_cover-dom-warszawa.jpg,Warszawa Białołęka,ul. Czeremchowa,Dom,na sprzedaż,110 m²,5 pokoi,Bez pośredników,1 440 000 zł,13 091 zł / m²
https://adresowo.pl/o/g3l3f6,https://s2.adresowa.pl/oi/4b/78/1fbc56_ed4f_cover-dom-warszawa.jpg,Warszawa Ursus,ul. Stanisława Leszczyńskiego,Dom,na sprzedaż,350 m²,10 pokoi,Bez pośredników,3 100 000 zł,8 857 zł / m²
https://adresowo.pl/o/dom-warszawa-ul-bruzdowa-x3t8d8,https://s2.adresowa.pl/oi/6f/51/34b448_5856_cover-dom-warszawa.jpg,Warszawa Zawady,ul. Bruzdowa,Dom,na sprzedaż,147 m²,5 pokoi,Oferta biura nieruchomości,2 990 000 zł,20 340 zł / m²
https://adresowo.pl/o/dom-warszawa-ul-wolodyjowskiego-x1c8j4,https://s2.adresowa.pl/oi/19/1b/34acdc_3227_cover-dom-warszawa.jpg,Warszawa Mokotów,ul. Wołodyjowskiego,Dom,na sprzedaż,434 m²,7 pokoi,Oferta biura nieruchomości,6 500 000 zł,14 977 zł / m²
https://adresowo.pl/o/dom-warszawa-ul-rzedzinska-c1u0d8,https://s2.adresowa.pl/oi/35/54/1ee114_9534_cover-dom-warszawa.jpg,Warszawa Jelonki,ul. Rzędzińska,Dom,na sprzedaż,278 m²,8 pokoi,Bez pośredników,1 950 000 zł,7 014 zł / m²
https://adresowo.pl/o/f4q0t7,https://s2.adresowa.pl/oi/34/28/197eb9_c439_cover-dom-warszawa.jpg,Warszawa Ursynów,ul. Baletowa,Dom,na sprzedaż,1200 m²,20 pokoi,Bez pośredników,9 900 000 zł,8 250 zł / m²
https://adresowo.pl/o/dom-warszawa-ul-czeslawa-klosia-y6v9l1,https://s2.adresowa.pl/oi/2e/61/16e029_6932_cover-dom-warszawa.jpg,Warszawa Włochy,ul. Czesława Kłosia,Dom,na sprzedaż,417 m²,Bez pośredników,Bez pośredników,3 000 000 zł,7 200 zł / m²
https://adresowo.pl/o/h8n2l8,https://s2.adresowa.pl/oi/6f/12/15edfb_bfa3_cover-dom-warszawa.jpg,Warszawa Wawer,ul. Cyklamenów,Dom,na sprzedaż,68 m²,2 pokoje,Bez pośredników,150 000 zł,2 206 zł / m²
https://adresowo.pl/o/j2p6t4,https://s2.adresowa.pl/oi/40/63/12faf5_f3e4_cover-dom-warszawa.jpg,Warszawa Ursynów,ul. Gawota,Dom,na sprzedaż,500 m²,8 pokoi,Bez pośredników,4 500 000 zł,9 000 zł / m²
https://adresowo.pl/o/dom-warszawa-ul-henryka-dembinskiego-f9u0n5,https://s2.adresowa.pl/oi/6b/30/f82e3_ca36_cover-dom-warszawa.jpg,Warszawa Żoliborz,ul. Henryka Dembińskiego,Dom,na sprzedaż,260 m²,4 pokoje,Bez pośredników,3 750 000 zł,14 423 zł / m²
https://adresowo.pl/o/q3w2m5,https://s2.adresowa.pl/oi/2c/33/e23a5_c267_cover-dom-warszawa.jpg,Warszawa Białołęka,ul. Ogniskowa,Dom,na sprzedaż,220 m²,6 pokoi,Bez pośredników,2 550 000 zł,11 591 zł / m²
https://adresowo.pl/o/dom-warszawa-145-m2-c3r0r6,https://s2.adresowa.pl/oi/33/54/34aa6e_a5aa_cover-dom-warszawa.jpg,Warszawa Wawer,,Dom,na sprzedaż,145 m²,5 pokoi,Oferta biura nieruchomości,1 599 000 zł,11 028 zł / m²
https://adresowo.pl/o/dom-warszawa-270-m2-m7h4g4,https://s2.adresowa.pl/oi/50/13/34a118_33e0_cover-dom-warszawa.jpg,Warszawa Mokotów,,Dom,na sprzedaż,270 m²,5 pokoi,Oferta biura nieruchomości,4 500 000 zł,16 667 zł / m²
https://adresowo.pl/o/dom-warszawa-ul-wilkow-morskich-l5i4o8,https://s2.adresowa.pl/oi/56/2e/349cce_6210_cover-dom-warszawa.jpg,Warszawa Targówek,ul. Wilków Morskich,Dom,na sprzedaż,171 m²,5 pokoi,Oferta biura nieruchomości,2 100 000 zł,12 266 zł / m²
https://adresowo.pl/o/dom-warszawa-ul-alzacka-c9x8e8,https://s2.adresowa.pl/oi/51/40/34873a_873e_cover-dom-warszawa.jpg,Warszawa Saska Kępa,ul. Alzacka,Dom,na sprzedaż,174 m²,5 pokoi,Oferta biura nieruchomości,3 100 000 zł,17 837 zł / m²
https://adresowo.pl/o/dom-warszawa-243-m2-m3h0h4,https://s2.adresowa.pl/oi/64/5b/347052_5f5d_cover-dom-warszawa.jpg,Warszawa Wawer,,Dom,na sprzedaż,244 m²,6 pokoi,Oferta biura nieruchomości,2 400 000 zł,9 848 zł / m²
https://adresowo.pl/o/dom-warszawa-158-m2-l1x4q9,https://s2.adresowa.pl/oi/62/34/346934_ec17_cover-dom-warszawa.jpg,Warszawa Wawer,,Dom,na sprzedaż,158 m²,5 pokoi,Oferta biura nieruchomości,966 000 zł,6 114 zł / m²
https://adresowo.pl/o/dom-warszawa-ul-olesin-p8a0p3,https://s2.adresowa.pl/oi/2e/1e/3463e8_3392_cover-dom-warszawa.jpg,Warszawa Białołęka,ul. Olesin,Dom,na sprzedaż,399 m²,8 pokoi,Oferta biura nieruchomości,3 650 000 zł,9 140 zł / m²
https://adresowo.pl/o/dom-warszawa-196-m2-l7s7u3,https://s2.adresowa.pl/oi/1a/50/3430f2_41cc_cover-dom-warszawa.jpg,Warszawa Ursynów,,Dom,na sprzedaż,196 m²,4 pokoje,Oferta biura nieruchomości,2 700 000 zł,13 776 zł / m²
https://adresowo.pl/o/dom-warszawa-93-m2-w5i6o6,https://s2.adresowa.pl/oi/61/5b/342f72_327c_cover-dom-warszawa.jpg,Warszawa Wawer,,Dom,na sprzedaż,93 m²,4 pokoje,Oferta biura nieruchomości,955 000 zł,10 269 zł / m²
https://adresowo.pl/o/dom-warszawa-ul-morszynska-t2c6b9,https://s2.adresowa.pl/oi/5d/50/341d00_c2f4_cover-dom-warszawa.jpg,Warszawa Sadyba,ul. Morszyńska,Dom,na sprzedaż,180 m²,6 pokoi,Oferta biura nieruchomości,2 899 000 zł,16 106 zł / m²
https://adresowo.pl/o/dom-warszawa-ul-rosy-g1s3q1,https://s2.adresowa.pl/oi/54/40/340d9c_8d2f_cover-dom-warszawa.jpg,Warszawa Wilanów,ul. Rosy,Dom,na sprzedaż,214 m²,5 pokoi,Oferta biura nieruchomości,2 889 000 zł,13 500 zł / m²
https://adresowo.pl/o/dom-warszawa-ul-rosy-n6a2w7,https://s2.adresowa.pl/oi/46/38/340d90_55b3_cover-dom-warszawa.jpg,Warszawa Wilanów,ul. Rosy,Dom,na sprzedaż,191 m²,5 pokoi,Oferta biura nieruchomości,2 592 000 zł,13 537 zł / m²
https://adresowo.pl/o/dom-warszawa-ul-kombajnistow-t9h3t6,https://s2.adresowa.pl/oi/33/4c/33ebe6_b100_cover-dom-warszawa.jpg,Warszawa Wawer,ul. Kombajnistów,Dom,na sprzedaż,211 m²,8 pokoi,Oferta biura nieruchomości,1 400 000 zł,6 639 zł / m²
https://adresowo.pl/o/dom-warszawa-ul-modlinska-s7z1s5,https://s2.adresowa.pl/oi/1f/7d/33c6ee_ecea_cover-dom-warszawa.jpg,Warszawa Białołęka,ul. Modlińska,Dom,na sprzedaż,156 m²,6 pokoi,Oferta biura nieruchomości,2 140 000 zł,13 692 zł / m²
https://adresowo.pl/o/dom-warszawa-320-m2-q8x2v1,https://s2.adresowa.pl/oi/60/5f/33c066_f926_cover-dom-warszawa.jpg,Warszawa Kępa Zawadowska,,Dom,na sprzedaż,320 m²,5 pokoi,Oferta biura nieruchomości,4 500 000 zł,14 063 zł / m²
https://adresowo.pl/o/dom-warszawa-250-m2-l0t1j6,https://s2.adresowa.pl/oi/32/24/33c054_e73c_cover-dom-warszawa.jpg,Warszawa Wilanów,,Dom,na sprzedaż,250 m²,6 pokoi,Oferta biura nieruchomości,4 200 000 zł,16 800 zł / m²
https://adresowo.pl/o/dom-warszawa-245-m2-j6h2t4,https://s2.adresowa.pl/oi/38/5e/33bffe_7889_cover-dom-warszawa.jpg,Warszawa Sadyba,,Dom,na sprzedaż,245 m²,5 pokoi,Oferta biura nieruchomości,4 450 000 zł,18 163 zł / m²
https://adresowo.pl/o/dom-warszawa-230-m2-d1z7q2,https://s2.adresowa.pl/oi/16/44/33bffc_acad_cover-dom-warszawa.jpg,Warszawa Wilanów,,Dom,na sprzedaż,230 m²,6 pokoi,Oferta biura nieruchomości,2 890 000 zł,12 565 zł / m²
https://adresowo.pl/o/i2e8x2,https://s2.adresowa.pl/oi/2b/51/33bff6_eb71_cover-dom-warszawa.jpg,Warszawa Wilanów,,Dom,na sprzedaż,274 m²,6 pokoi,Oferta biura nieruchomości,3 400 000 zł,12 409 zł / m²
https://adresowo.pl/o/dom-warszawa-ul-pretowa-u8j8l7,https://s2.adresowa.pl/oi/2f/75/33bff2_e55a_cover-dom-warszawa.jpg,Warszawa Wilanów,ul. Prętowa,Dom,na sprzedaż,245 m²,6 pokoi,Oferta biura nieruchomości,2 840 000 zł,11 592 zł / m²
https://adresowo.pl/o/dom-warszawa-ul-wiechy-f0i4j0,https://s2.adresowa.pl/oi/1b/16/33bfec_dc53_cover-dom-warszawa.jpg,Warszawa Wilanów,ul. Wiechy,Dom,na sprzedaż,255 m²,5 pokoi,Oferta biura nieruchomości,4 960 000 zł,19 451 zł / m²
https://adresowo.pl/o/dom-warszawa-170-m2-s2k9o7,https://s2.adresowa.pl/oi/52/1f/339c20_3872_cover-dom-warszawa.jpg,Warszawa Międzylesie,,Dom,na sprzedaż,170 m²,6 pokoi,Oferta biura nieruchomości,1 750 000 zł,10 294 zł / m²
https://adresowo.pl/o/dom-warszawa-618-m2-s4f4u1,https://s2.adresowa.pl/oi/3a/3b/339bb4_41df_cover-dom-warszawa.jpg,Warszawa Ochota,,Dom,na sprzedaż,618 m²,Oferta biura nieruchomości,Oferta biura nieruchomości,7 490 000 zł,12 120 zł / m²
https://adresowo.pl/o/x0d9q6,https://s2.adresowa.pl/oi/62/4e/338a04_8515_cover-dom-warszawa.jpg,Warszawa Wawer,ul. Sęczkowa,Dom,na sprzedaż,104 m²,4 pokoje,Oferta biura nieruchomości,1 549 153 zł,14 900 zł / m²
https://adresowo.pl/o/j7p8e2,https://s2.adresowa.pl/oi/2b/1f/338a06_9d82_cover-dom-warszawa.jpg,Warszawa Wawer,ul. Sęczkowa,Dom,na sprzedaż,104 m²,4 pokoje,Oferta biura nieruchomości,1 507 565 zł,14 500 zł / m²
https://adresowo.pl/o/dom-warszawa-200-m2-z4j0z2,https://s2.adresowa.pl/oi/57/3d/336c00_f3ea_cover-dom-warszawa.jpg,Warszawa Wawer,,Dom,na sprzedaż,200 m²,5 pokoi,Oferta biura nieruchomości,2 200 000 zł,11 000 zł / m²
https://adresowo.pl/o/dom-warszawa-ul-henryka-opienskiego-t8h4t7,https://s2.adresowa.pl/oi/61/44/3329e6_7f8d_cover-dom-warszawa.jpg,Warszawa Ursus,ul. Henryka Opieńskiego,Dom,na sprzedaż,213 m²,8 pokoi,Oferta biura nieruchomości,2 400 000 zł,11 268 zł / m²
https://adresowo.pl/o/dom-warszawa-ul-stanislawa-ligonia-w0s6b5,https://s2.adresowa.pl/oi/6e/33/331d78_feac_cover-dom-warszawa.jpg,Warszawa Bemowo,ul. Stanisława Ligonia,Dom,na sprzedaż,335 m²,8 pokoi,Oferta biura nieruchomości,2 950 000 zł,8 819 zł / m²
https://adresowo.pl/o/dom-warszawa-ul-kombajnistow-b7n0s8,https://s2.adresowa.pl/oi/54/1f/32fb1c_2a1d_cover-dom-warszawa.jpg,Warszawa Wawer,ul. Kombajnistów,Dom,na sprzedaż,422 m²,16 pokoi,Oferta biura nieruchomości,2 920 000 zł,6 923 zł / m²
https://adresowo.pl/o/dom-warszawa-339-m2-i7x3y0,https://s2.adresowa.pl/oi/47/77/32c498_7f13_cover-dom-warszawa.jpg,Warszawa Białołęka,,Dom,na sprzedaż,339 m²,7 pokoi,Oferta biura nieruchomości,2 790 000 zł,8 230 zł / m²
https://adresowo.pl/o/dom-warszawa-ul-glebocka-w9l9v9,https://s2.adresowa.pl/oi/19/23/32c2ae_28d8_cover-dom-warszawa.jpg,Warszawa,ul. Głębocka,Dom,na sprzedaż,395 m²,5 pokoi,Oferta biura nieruchomości,2 300 000 zł,5 823 zł / m²
https://adresowo.pl/o/m4t1z4,https://s2.adresowa.pl/oi/77/2f/324962_30fb_cover-dom-warszawa.jpg,Warszawa Praga-Południe,ul. Szaserów,Dom,na sprzedaż,200 m²,5 pokoi,Oferta biura nieruchomości,3 500 000 zł,17 500 zł / m²
https://adresowo.pl/o/dom-warszawa-231-m2-u4w2b5,https://s2.adresowa.pl/oi/41/52/3217ea_3a5b_cover-dom-warszawa.jpg,Warszawa Żoliborz,,Dom,na sprzedaż,231 m²,7 pokoi,Oferta biura nieruchomości,6 900 000 zł,29 870 zł / m²
https://adresowo.pl/o/dom-warszawa-ul-wal-miedzeszynski-l0k0y0,https://s2.adresowa.pl/oi/26/39/357704_f4b5_cover-dom-warszawa.jpg,Warszawa Wawer,ul. Wał Miedzeszyński,Dom,na sprzedaż,135 m²,5 pokoi,Bez pośredników,1 599 000 zł,11 844 zł / m²
https://adresowo.pl/o/dom-warszawa-ul-kremowa-e0z6s7,https://s2.adresowa.pl/oi/7b/11/321020_b32b_cover-dom-warszawa.jpg,Warszawa Wilanów,ul. Kremowa,Dom,na sprzedaż,127 m²,4 pokoje,Oferta biura nieruchomości,1 590 000 zł,12 520 zł / m²
https://adresowo.pl/o/dom-warszawa-209-m2-k4n6z5,https://s2.adresowa.pl/oi/45/5a/320a9e_86c3_cover-dom-warszawa.jpg,Warszawa Praga-Południe,,Dom,na sprzedaż,209 m²,7 pokoi,Oferta biura nieruchomości,1 899 000 zł,9 086 zł / m²
https://adresowo.pl/o/c4l5l8,https://s2.adresowa.pl/oi/5a/72/31854e_b29b_cover-dom-warszawa.jpg,Warszawa Wilanów,ul. Potułkały,Dom,na sprzedaż,270 m²,5 pokoi,Oferta biura nieruchomości,3 000 000 zł,11 111 zł / m²
https://adresowo.pl/o/s2m9b2,https://s2.adresowa.pl/oi/64/40/314ac6_c36d_cover-dom-warszawa.jpg,Warszawa Białołęka,,Dom,na sprzedaż,135 m²,6 pokoi,Oferta biura nieruchomości,1 680 000 zł,12 444 zł / m²
https://adresowo.pl/o/dom-warszawa-ul-retmanska-k8b5p7,https://s2.adresowa.pl/oi/4a/7f/311bae_479a_cover-dom-warszawa.jpg,Warszawa Wawer,ul. Retmańska,Dom,na sprzedaż,148 m²,5 pokoi,Oferta biura nieruchomości,1 800 000 zł,12 154 zł / m²
https://adresowo.pl/o/dom-warszawa-ul-piechoty-wybranieckiej-f5m5t1,https://s2.adresowa.pl/oi/43/24/30c764_c8c3_cover-dom-warszawa.jpg,Warszawa Ursus,ul. Piechoty Wybranieckiej,Dom,na sprzedaż,332 m²,8 pokoi,Oferta biura nieruchomości,2 920 000 zł,8 798 zł / m²
https://adresowo.pl/o/dom-warszawa-ul-trakt-brzeski-z3f8y5,https://s2.adresowa.pl/oi/38/2d/3078a2_b35c_cover-dom-warszawa.jpg,Warszawa Wesoła,ul. Trakt Brzeski,Dom,na sprzedaż,235 m²,6 pokoi,Oferta biura nieruchomości,1 090 000 zł,4 638 zł / m²
https://adresowo.pl/o/dom-warszawa-ul-zbozowa-x5y5a2,https://s2.adresowa.pl/oi/2f/12/2fe916_f8bb_cover-dom-warszawa.jpg,Warszawa Białołęka,ul. Zbożowa,Dom,na sprzedaż,260 m²,6 pokoi,Oferta biura nieruchomości,1 750 000 zł,6 731 zł / m²
https://adresowo.pl/o/dom-warszawa-486-m2-n8d2b3,https://s2.adresowa.pl/oi/26/28/2faece_a030_cover-dom-warszawa.jpg,Warszawa Praga-Południe,,Dom,na sprzedaż,486 m²,8 pokoi,Oferta biura nieruchomości,2 915 000 zł,5 998 zł / m²
https://adresowo.pl/o/dom-warszawa-ul-ostrodzka-l1f3x1,https://s2.adresowa.pl/oi/45/41/2f8b24_98c4_cover-dom-warszawa.jpg,Warszawa Białołęka,ul. Ostródzka,Dom,na sprzedaż,220 m²,7 pokoi,Oferta biura nieruchomości,2 356 000 zł,10 709 zł / m²
https://adresowo.pl/o/dom-warszawa-ul-rosochata-x7g5j6,https://s2.adresowa.pl/oi/2c/63/2f8638_4abb_cover-dom-warszawa.jpg,Warszawa Wilanów,ul. Rosochata,Dom,na sprzedaż,186 m²,6 pokoi,Oferta biura nieruchomości,1 799 000 zł,9 672 zł / m²
https://adresowo.pl/o/dom-warszawa-ul-kwiatow-polskich-j7f0k9,https://s2.adresowa.pl/oi/70/49/2f85ec_2b5e_cover-dom-warszawa.jpg,Warszawa Wawer,ul. Kwiatów Polskich,Dom,na sprzedaż,177 m²,5 pokoi,Oferta biura nieruchomości,2 199 000 zł,12 438 zł / m²
https://adresowo.pl/o/dom-warszawa-ul-dolomitowa-k7a0g4,https://s2.adresowa.pl/oi/74/41/2f569a_9316_cover-dom-warszawa.jpg,Warszawa Wesoła,ul. Dolomitowa,Dom,na sprzedaż,261 m²,6 pokoi,Oferta biura nieruchomości,1 930 000 zł,7 395 zł / m²
https://adresowo.pl/o/dom-warszawa-380-m2-x8q4h0,https://s2.adresowa.pl/oi/39/5c/2e0e4c_71e9_cover-dom-warszawa.jpg,Warszawa Rembertów,,Dom,na sprzedaż,380 m²,7 pokoi,Oferta biura nieruchomości,2 349 000 zł,6 182 zł / m²
https://adresowo.pl/o/dom-warszawa-ul-mozaikowa-z2z8a3,https://s2.adresowa.pl/oi/75/26/2df8a6_84e4_cover-dom-warszawa.jpg,Warszawa,ul. Mozaikowa,Dom,na sprzedaż,185 m²,4 pokoje,Oferta biura nieruchomości,1 759 000 zł,9 508 zł / m²
https://adresowo.pl/o/dom-warszawa-ul-indycza-w5k2y6,https://s2.adresowa.pl/oi/6c/33/2c81c8_2ab1_cover-dom-warszawa.jpg,Warszawa Ursynów,ul. Indycza,Dom,na sprzedaż,386 m²,15 pokoi,Oferta biura nieruchomości,2 500 000 zł,6 477 zł / m²
https://adresowo.pl/o/x1a2c0,https://s2.adresowa.pl/oi/19/3d/2c647c_bc16_cover-dom-warszawa.jpg,Warszawa Wawer,ul. Panny Wodnej,Dom,na sprzedaż,440 m²,10 pokoi,Oferta biura nieruchomości,3 800 000 zł,8 636 zł / m²
https://adresowo.pl/o/dom-warszawa-ul-ogorkowa-b2c1a8,https://s2.adresowa.pl/oi/7e/3e/2bede4_b33b_cover-dom-warszawa.jpg,Warszawa Wawer,ul. Ogórkowa,Dom,na sprzedaż,235 m²,7 pokoi,Oferta biura nieruchomości,1 819 999 zł,7 745 zł / m²
https://adresowo.pl/o/dom-warszawa-ul-przewodowa-p8z1a4,https://s2.adresowa.pl/oi/64/1e/2aff54_eceb_cover-dom-warszawa.jpg,Warszawa Wawer,ul. Przewodowa,Dom,na sprzedaż,300 m²,7 pokoi,Oferta biura nieruchomości,2 910 000 zł,9 700 zł / m²
https://adresowo.pl/o/w7i7t8,https://s2.adresowa.pl/oi/76/50/2a2756_5d23_cover-dom-warszawa.jpg,Warszawa Mokotów,,Dom,na sprzedaż,190 m²,7 pokoi,Oferta biura nieruchomości,2 999 000 zł,15 784 zł / m²
https://adresowo.pl/o/f0z7i6,https://s2.adresowa.pl/oi/13/2b/2a2136_b024_cover-dom-warszawa.jpg,Warszawa Wilanów,,Dom,na sprzedaż,332 m²,6 pokoi,Oferta biura nieruchomości,4 000 000 zł,12 048 zł / m²
https://adresowo.pl/o/b3a2f2,https://s2.adresowa.pl/oi/30/74/2a211c_d7e4_cover-dom-warszawa.jpg,Warszawa Międzylesie,,Dom,na sprzedaż,430 m²,8 pokoi,Oferta biura nieruchomości,3 500 000 zł,8 140 zł / m²
https://adresowo.pl/o/a3v9c3,https://s2.adresowa.pl/oi/38/4b/2a20dc_53bc_cover-dom-warszawa.jpg,Warszawa Bielany,,Dom,na sprzedaż,385 m²,7 pokoi,Oferta biura nieruchomości,5 300 000 zł,13 766 zł / m²
https://adresowo.pl/o/z8d6t5,https://s2.adresowa.pl/oi/11/1b/29dd0a_2cf0_cover-dom-warszawa.jpg,Warszawa Mokotów,ul. Wołoska,Dom,na sprzedaż,300 m²,8 pokoi,Oferta biura nieruchomości,2 900 000 zł,9 667 zł / m²
https://adresowo.pl/o/dom-warszawa-ul-brylantowa-c4i3i6,https://s2.adresowa.pl/oi/19/38/26059a_73de_cover-dom-warszawa.jpg,Warszawa Wesoła,ul. Brylantowa,Dom,na sprzedaż,288 m²,5 pokoi,Oferta biura nieruchomości,1 399 000 zł,4 858 zł / m²
https://adresowo.pl/o/n1p1t2,https://s2.adresowa.pl/oi/16/2f/25ba5e_d1de_cover-dom-warszawa.jpg,Warszawa Targówek,,Dom,na sprzedaż,220 m²,11 pokoi,Oferta biura nieruchomości,1 830 000 zł,8 318 zł / m²
https://adresowo.pl/o/dom-warszawa-313-m2-t9u1i8,https://s2.adresowa.pl/oi/10/25/238b14_5e7d_cover-dom-warszawa.jpg,Warszawa Wesoła,,Dom,na sprzedaż,313 m²,5 pokoi,Oferta biura nieruchomości,1 869 000 zł,5 971 zł / m²
https://adresowo.pl/o/c3c7n8,https://s2.adresowa.pl/oi/13/31/f6b1f_27ec_cover-dom-warszawa.jpg,Warszawa Bielany,ul. Anny Jagiellonki,Dom,na sprzedaż,270 m²,7 pokoi,Oferta biura nieruchomości,3 500 000 zł,12 963 zł / m²
https://adresowo.pl/o/n9j2f2,https://s2.adresowa.pl/oi/58/58/1f92b2_de87_cover-dom-warszawa.jpg,Warszawa Wawer,,Dom,na sprzedaż,210 m²,6 pokoi,Oferta biura nieruchomości,2 000 000 zł,9 524 zł / m²
